分類,書名,圖片網址,作者,出版社,出版日期,優惠價,內容,商品連結,也買了
宗教命理,你以為的偶然，都是人生的必然：通透好命的本質，解生活的憂，排人生的苦,https://www.books.com.tw/img/001/092/25/0010922512.jpg,千里淳風,天下雜誌,2022/04/28,優惠價：79折 292元,"人生總會遇到卡關的時候，我們必須給自己一個機會，
鬆開生命中的執著，停下來化解眼前的痛苦與困境。
工作不順、財務困窘、情人負心、婚姻失和、孩子不如人……。
生活總有那麼多待解的難...more",https://www.books.com.tw/products/0010922512?loc=P_0005_001,"['其實，你不是你以為的自己：療癒成長的創傷，還原靈性的美好', '零阻力改變：華頓商學院爆紅行為科學課，直擊內在弱點，高效自我成長', '別人怎麼對你，都因為你說的話', '讓別人贏：在人生多重角色中，55個修煉與覺察的智慧', '剛剛好的優雅(博客來限量獨家PVC書衣+日星特製鉛字印)', '你發生過什麼事：【Amazon及紐約時報暢銷第1名!】關於創傷如何影響大腦與行為，以及我們能如何療癒自己', '療癒的飲食與斷食：新時代的個人營養學', '最美好、也最殘酷的翻身時代：畢德歐夫帶你掌握理財5大關鍵', '時間，才是最後的答案', '底層邏輯：看清這個世界的底牌', '蛤蟆先生去看心理師(暢銷300萬冊!英國心理諮商經典，附《蛤蟆先生勇氣藏書卡》組)', '記得你是誰(暢銷15萬冊紀念版)：哈佛的最後一堂課', '妳可以乖，但不能不懂男人的壞', '兒子使用說明書：在你放棄和兒子溝通之前，請先看腦科學專家怎麼說', '練心：李崇建與雨果幼兒園的薩提爾教育實踐', '立下界限：卸除生命中不必要的內疚感，找回平靜，成為溫柔且堅定的自己', '順勢溝通：一句話說到心坎裡!不消耗情緒，掌握優勢的39個對話練習', '空心人：擁抱渴望被愛的靈魂【獨家書衣親簽版，加贈心理練習卡2張組(兩款隨機出貨)】', '今天雖然很好，但不知道明天會怎樣：別怕受傷，生活就是懂得擁抱傷口再緩慢前行，這樣就很幸福了', '原子習慣：細微改變帶來巨大成就的實證法則']"
宗教命理,其實，你不是你以為的自己：療癒成長的創傷，還原靈性的美好,https://www.books.com.tw/img/001/092/21/0010922103.jpg,吳若權,悅知文化,2022/04/25,優惠價：79折 300元,"心理勵志暢銷作家．吳若權
繼《先放手，再放心：我從《心經》學到的人生智慧》，
全新心靈成長作品！
【超值影音課程】
每章皆設計「靈魂練習題」，並結合線上影片，
掃描QRcode，即可延伸閱...more",https://www.books.com.tw/products/0010922103?loc=P_0005_002,"['先放手，再放心：我從《心經》學到的人生智慧', '你發生過什麼事：【Amazon及紐約時報暢銷第1名!】關於創傷如何影響大腦與行為，以及我們能如何療癒自己', '在說出再見之前【百萬暢銷小說《在咖啡冷掉之前》迸淚續作】', '你以為的偶然，都是人生的必然：通透好命的本質，解生活的憂，排人生的苦', '愈成熟，愈天真：與自己的內在小孩重逢', '女兒是吸收媽媽情緒長大的：獻給世上所有女兒、母親、女性的自我修復心理學', '再難過，也終會度過：總有那些迷惘、不知所措的時刻──給不知不覺成為大人的你', '別人怎麼對你，都因為你說的話', '顯化效應：每天都能做的「注意力鍊金術」，讓你心想事成', '【博客來獨家限量】你好，這裡是記憶花店(透‧深藍書衣版)', '原子習慣：細微改變帶來巨大成就的實證法則', '原生家庭木馬快篩：三步驟解鎖並拋棄繼承家族負向印記', '蛤蟆先生去看心理師(暢銷300萬冊!英國心理諮商經典，附《蛤蟆先生勇氣藏書卡》組)', '願所有相遇，都恰逢其時【60萬冊暢銷增訂版】：成為有趣而不扭曲的人，過努力而不糾結的人生', '時間，才是最後的答案', '正面的解讀；逆向的思考：聖嚴法師開導 吳若權筆記 108課人生智慧學習', '剛剛好的優雅(博客來限量獨家PVC書衣+日星特製鉛字印)', '無，生命的最佳狀態：用科學方法消除痛苦與不安', '謙卑的力量：放下，才是真正的抵達', '底層邏輯：看清這個世界的底牌']"
宗教命理,拜、請：信仰與文化的綻放,https://www.books.com.tw/img/001/092/52/0010925266.jpg,洪振傑,開學文化,2022/06/01,優惠價：79折 371元,"拜、請。不僅是請神明的降臨賜福。
我們敬拜、甚至迎請神明入厝供奉，那份虔誠與信念，就如同生活般的自然。
人會老去，而歷史文化與包含著思念記憶的香火將永傳。
 
六十年前...more",https://www.books.com.tw/products/0010925266?loc=P_0005_003,"['粧佛唐興閣黃德勝', '田口護談待客之道：巴哈咖啡館深得人心的服務思惟與店面經營', '圖解台灣陣頭：宋江系統武陣', '火來了，快跑', '你以為的偶然，都是人生的必然：通透好命的本質，解生活的憂，排人生的苦', '圖解台灣行業神明圖鑑：台南體傳統工藝']"
宗教命理,你擁有世界上所有的時間：用集中感知力，活出沒有極限的人生,https://www.books.com.tw/img/001/092/49/0010924937.jpg,麗莎‧布羅德利,方智,2022/06/01,優惠價：79折 245元,"​你相不相信，你有能力放慢時間，或是延長、彎曲時間？
給所有曾經擔心「時間不夠用」的人，
這本書將永遠改變你看待時間的方式！
 
李欣頻│陳德中│周介偉│安一心│陳嘉堡│馬歇爾．葛...more",https://www.books.com.tw/products/0010924937?loc=P_0005_004,"['咖啡時間的自我對話：5分鐘改寫潛意識，實現任何目標(收錄夢想成真「自我對話腳本」)', '心想事成加值驚喜包!【1書+2日記】3分鐘未來日記：寫下的願望真的都實現了!', '從負債2000萬到奇蹟罩我每一天：8個吸引好運、財富和人緣的超狂變身機制，順應宇宙法則，更快心想事成!', '療癒人與動物的直傳靈氣', '我的一天從4點30分開始：當你酣睡時，有人已醒來實現夢想!', '全方位理財的第一堂課：你一生必學的五大財務規畫', '療癒的飲食與斷食：新時代的個人營養學', 'A大的理財金律：從零存款開始也能越過越好【1書+1夢想筆記本】', '剛剛好的優雅(博客來限量獨家PVC書衣+日星特製鉛字印)', '【統一生機】薑黃綜合堅果隨手包六入組 168g(28g*6包)/袋', '取材.執筆.推敲：《被討厭的勇氣》作者直授，最全面的寫作指南', '沒問題!一切都能稱心如意：善用潛意識，打造夢想人生', '達標：芝大商學院教授親授，意想不到的激勵課', '卡片盒筆記：最高效思考筆記術，德國教授超強秘技，促進寫作、學習與思考，使你洞見源源不斷，成為專家', '長線思維：杜克商學院教授教你，如何在短視的世界成為長遠思考者', '原生家庭木馬快篩：三步驟解鎖並拋棄繼承家族負向印記', '原子習慣：細微改變帶來巨大成就的實證法則', '逆向工程，你我都能變優秀的祕訣：全球頂尖創新者、運動員、藝術家共同實證', '底層邏輯：看清這個世界的底牌', '【中衛 W博拭】酒精濕紙巾 1袋入(10片/袋)']"
宗教命理,跨PRAY,https://www.books.com.tw/img/001/092/54/0010925438.jpg,李協聰,希望之聲文化有限公司,2022/06/01,優惠價：79折 237元,這是一本專屬你的書，世上別無取代！生命的成長無需著急，我們鼓勵你一周、一周地完成操練，一步、一步地踏穩步伐向前行。願神從此刻開啟你靈裡的畫布與稿紙，讓你開始為祂創作，並且開始分享與祝福更...more,https://www.books.com.tw/products/0010925438?loc=P_0005_005,"['【大師兄銷魂麵舖】大師兄銷魂 酥脆雞皮(90g/包)', '婚姻成長學：從聖經出發的幸福夫妻對話練習', '【理膚寶水】青春潔膚凝膠 400ml 超值限定組(溫和控油)', '(4支1包)PILOT變芯筆芯0.4橘紫綠深藍', '你就好好當你自己：不完美也值得被愛的勇氣']"
宗教命理,真我之眼：讓虛幻無所遁形的真實覺醒世界【意識能量學大師進階之作】,https://www.books.com.tw/img/001/092/43/0010924332.jpg,大衛．霍金斯,三采,2022/05/20,優惠價：79折 435元,"★★★意識能量學大師進階之作★★★
揭開最難理解的靈性神祕面紗
★一部關於「人」的終極實相★
 
唯有了解真相，人才能真正脫苦
 
人的痛苦既多元又複雜、既精密又脆弱。每個人一生中總有不少的痛...more",https://www.books.com.tw/products/0010924332?loc=P_0005_006,"['臣服之享：遇萬事皆靜好自在的心提升練習【意識能量學大師經典之作】', '心靈能量：藏在身體裡的大智慧', '療癒的飲食與斷食：新時代的個人營養學', '心電感應大角星：星際馬雅時間飛船計畫(限量附贈：最新「星際旅人13月亮曆法」學習手冊)', '從負債2000萬到奇蹟罩我每一天：8個吸引好運、財富和人緣的超狂變身機制，順應宇宙法則，更快心想事成!', '蛤蟆先生去看心理師(暢銷300萬冊!英國心理諮商經典，附《蛤蟆先生勇氣藏書卡》組)', '潛富：成為真正富人的潛意識關鍵【潛意識大師經典致富法則】', '原生家庭木馬快篩：三步驟解鎖並拋棄繼承家族負向印記', '老神再在Ⅳ：乘風展翼', '意念使用手冊：瞬間改變時間和空間的量子習慣', '在定靜中成為自己：體會活在當下的自由與喜悅', '醫療靈媒：慢性與難解疾病背後的祕密，以及健康的終極之道', '顯化效應：每天都能做的「注意力鍊金術」，讓你心想事成', '星際種子神諭卡：喚醒靈魂的記憶，釋放你的內在天賦和使命', '卡片盒筆記：最高效思考筆記術，德國教授超強秘技，促進寫作、學習與思考，使你洞見源源不斷，成為專家', '【L’ERBOLARIO 蕾莉歐】忍冬植物香氛皂100g', '【午茶夫人】康福茶─10入/袋']"
宗教命理,老神再在Ⅳ：乘風展翼,https://www.books.com.tw/img/001/092/53/0010925329.jpg,謝明杰,商周出版,2022/06/02,優惠價：79折 300元,"看見真相即解脫！得知真理就自由！
 
2020年的開頭，世紀病毒席捲，全球許多國家開始鎖國、封城，人類的經濟活動和自由度受到重創⋯⋯
 
這時你會發現，「不安全感」才是人類生命所有問題的根源...more",https://www.books.com.tw/products/0010925329?loc=P_0005_007,"['老神再在Ⅲ：破繭而出(修訂版)', '懂你自己，才能做你自己：謝明杰不專業修行筆記', '老神再在套書組3 (老神再在【暢銷修訂版】：奇蹟對話錄 + 老神再在II【暢銷修訂版】：愛的覺醒)', '老神再在(暢銷修訂版)：奇蹟對話錄', '古今八字六百造', '六十甲子論命術', '老神再在II(暢銷修訂版)：愛的覺醒', '從負債2000萬到奇蹟罩我每一天：8個吸引好運、財富和人緣的超狂變身機制，順應宇宙法則，更快心想事成!', '靈售力：你不會得到你想要的，你會得到你相信的。', '原生家庭木馬快篩：三步驟解鎖並拋棄繼承家族負向印記', '《聖祖貢糖》原味貢糖(12入/包)', '其實，你不是你以為的自己：療癒成長的創傷，還原靈性的美好', '不動怒，與亞斯伯格症孩子親近溝通', '醫療靈媒：慢性與難解疾病背後的祕密，以及健康的終極之道', '顯化效應：每天都能做的「注意力鍊金術」，讓你心想事成', '扒扒飯─雙椒醬', '真我之眼：讓虛幻無所遁形的真實覺醒世界【意識能量學大師進階之作】', '一個瑜伽行者的自傳(賈伯斯唯一下載至ipad、每年重讀之書)']"
宗教命理,盧恩符文神諭占卜卡【第一副最完整中文化牌卡】,https://www.books.com.tw/img/001/092/18/0010921862.jpg,洛娜・艾薇思登,漫遊者文化,2022/06/06,優惠價：79折 552元,"～開啟智慧・預見未來・洞察當下・迎接能量～
來自古老北歐，結合諸神與自然力量
第一組最完整的盧恩符文中文化牌卡
 
【產品內容】
◆神諭占卜書（尺寸:19.5×14.5cm）：96頁，介紹文化與歷...more",https://www.books.com.tw/products/0010921862?loc=P_0005_008,"['能量神諭卡：找到改變命運的方向，實現美好的財富、愛情、職業、健康、人生', '火系魔法【自然元素魔法系列3】：關於力量、創造、重生的魔法', '雷諾曼卡寶典：從牌義、解牌到應用，讓你輕鬆學習、精準實占', '盧恩符文占卜自學手冊：釐清煩惱、了解他人、尋求指引，30天連結高我(隨附25張盧恩符文卡)', '新巴赫花精療法 2：反應情緒的身體地圖', '藥草與魔法：女巫、符咒、飛行軟膏與西方古老傳說', '新巴赫花精療法 1：療癒身心靈的12種花精軌道', '盧恩符文初學指南', '風系魔法【自然元素魔法系列2】：關於智慧、溝通、改變的魔法', '指導靈全書：召喚七種靈性幫手，完成你的今生使命', '大地魔法：取之自然的實用威卡魔法', '新巫魔法書：改變生命的實修魔法', '魔法防禦術：除咒、護盾、逆襲，打開個人能量護罩', '塔羅牌陣全書：活用76種牌陣，解讀能力大升級', '熊讚卡', '情緒療癒卡', '星際馬雅十三月亮曆：13調性×20圖騰，活出自己的天賦能量，以更高維度的視角校準人生', '女神智慧：藉助古老教導與實踐連結神聖陰性力量', '占星學全指引：了解你的星座與星盤，初學與進階必備案頭書', '與精靈連結：探索大自然精靈的魔法世界']"
宗教命理,早期課8,https://www.books.com.tw/img/001/092/61/0010926194.jpg,Jane Roberts,賽斯文化,2022/06/01,優惠價：79折 490元,《早期課》是珍‧羅伯茲最早於一九六三年十二月開始在出神或出離狀態中說話，替知名的「以能量為體性的人格」賽斯傳述的資料，共有五百一十節內容，涵蓋了一九六三年十一月二十日到一九七〇年一月十九...more,https://www.books.com.tw/products/0010926194?loc=P_0005_009,"['早期課 7', '早期課 6', '早期課 4', '早期課 5', '早期課 3', '早期課 第2冊', '【統一生機】薑黃綜合堅果 150g/袋', '早期課 1', '超越的力量', '一個美國哲學家的死後日誌：威廉‧詹姆士的世界觀', '【統一生機】有機薑黃麵線 300g/包', '解憂雜貨店【暖心紀念版】', 'ORIGINS 品木宣言 Dr.WEIL青春無敵健康光潤機能水(200ml)─國際航空版', '時間預言：超靈七號系列三', '漫遊前世今生：超靈七號系列一', '從心設定', '靜心的優雅節奏', '接納：化解反向對抗的自己', '快樂醫心', '穿梭幻相實相：超靈七號系列二']"
宗教命理,你就是覺性：《八曲仙人之歌》講記,https://www.books.com.tw/img/001/092/57/0010925776.jpg,三不叟,紅桌文化,2022/06/01,優惠價：79折 356元,"給21世紀求道者的修行備忘錄
 
「深陷世俗生活的人啊！
放下虛妄分別，隨緣快樂地過好一生。
專職修行的人啊！
放下修行中的做者感，不要以修行人的身分為傲。」
 
本書是三不叟禪師應弟子祈請...more",https://www.books.com.tw/products/0010925776?loc=P_0005_010,"['祕典卡巴萊恩：失落的赫米斯7大宇宙法則', '尼薩迦達塔「最後的教誨」套書：《能知之力與究竟實相》+《先於能知之力》', '達賴喇嘛講三主要道―—宗喀巴大師的精華教授']"
宗教命理,雷諾曼卡寶典：從牌義、解牌到應用，讓你輕鬆學習、精準實占,https://www.books.com.tw/img/001/092/61/0010926124.jpg,向日葵（蔡桑妮）,尖端,2022/06/10,優惠價：79折 300元,"第一本由國人著作的「雷諾曼卡占卜」入門書！
臺灣塔羅界傳奇──向日葵老師，
繼《塔羅葵花寶典》後，睽違近20年，
再度推出超實用的牌卡占卜教學書籍。
 
名師傾囊相授，最強教...more",https://www.books.com.tw/products/0010926124?loc=P_0005_011,"['盧恩符文神諭占卜卡【第一副最完整中文化牌卡】', '圖解巴赫花精：解析創傷、釋放壓力，療癒心靈與情的最佳解方', '火系魔法【自然元素魔法系列3】：關於力量、創造、重生的魔法', '占星芳療：獻給女巫的精油魔法調香術', '芳療藥師的對症精油處方：125種常備精油與100種天然精油處方，照護你和孩子的健康', '[MUJI 無印良品]棉棒(補充用)/200支', '咖啡時間的自我對話：5分鐘改寫潛意識，實現任何目標(收錄夢想成真「自我對話腳本」)']"
宗教命理,探索：窺天閣主人全集 基督教與我,https://www.books.com.tw/img/001/092/45/0010924587.jpg,陳宗文,城邦印書館,2022/05/26,優惠價：9折 378元,"半世紀平信徒的信仰經驗，
半世紀流浪的信徒在各教會間留下泥爪，
最後停留在自己心靈角落的聖殿，
依然還在繼續我的……
 
探索《聖經》的奧祕
 
《聖經》難讀，《聖經》就記載著：
「...more",https://www.books.com.tw/products/0010924587?loc=P_0005_012,['NaN']
宗教命理,心電感應大角星：星際馬雅時間飛船計畫（限量附贈：最新「星際旅人13月亮曆法」學習手冊）,https://www.books.com.tw/img/001/092/33/0010923321.jpg,張之愷,新星球,2022/05/09,優惠價：79折 1043元,"華文世界第一本關於大角星的故事
繼《跨次元互聯網》後，又一全新星際冒險篇章

星際馬雅13月亮曆法之「時間法則」探源
限量附贈──最新「星際旅人13月亮曆法」學習手冊
從理解到應用，讓你全方位認...more",https://www.books.com.tw/products/0010923321?loc=P_0005_013,"['薩滿之路：進入意識的時空旅行，迎接全新的身心轉化', '真我之眼：讓虛幻無所遁形的真實覺醒世界【意識能量學大師進階之作】', '穿越亞馬遜：紅天行者的狂人手札', '金剛經說甚麼(新訂版)']"
宗教命理,魔法防禦術：除咒、護盾、逆襲，打開個人能量護罩,https://www.books.com.tw/img/001/092/33/0010923323.jpg,傑森・米勒,橡實文化,2022/05/09,優惠價：79折 379元,"除了會使用白魔法，更要懂得防禦黑魔法
破解咒術與暗黑攻擊的能量防身術
★魔法圈大師級經典著作
★Amazon讀者評價4.5顆星，超過1700位評論推薦
★魔法修行者、身體能量工作者必備防護結界
...more",https://www.books.com.tw/products/0010923323?loc=P_0005_014,"['火系魔法【自然元素魔法系列3】：關於力量、創造、重生的魔法', '新巫魔法書：改變生命的實修魔法', '防護魔法全書：化解負能量、厄運、小人!讓你常保神清氣爽、消災解難的100多種日常魔法', '大地魔法：取之自然的實用威卡魔法', '美國原裝進口韋特塔羅牌', '量子物理與宇宙法則：量子成功的科學', '咒術使用說明書', '風系魔法【自然元素魔法系列2】：關於智慧、溝通、改變的魔法', 'neuve 惹我 眉筆 (咖啡)BR', '誦經與量子力學：從藥師經儀軌了解意識能量轉化的奧祕', '魔法顯化：93則成為巫師的自學指南', '儀式魔法全書(下冊)：西方祕法傳統完整指南', '【小浣熊】零油脂海苔捲─醬燒原味', '與精靈連結：探索大自然精靈的魔法世界', '過度努力：每個「過度」，都是傷的證明', '情緒勒索：那些在伴侶、親子、職場間，最讓人窒息的相處(15萬冊暢銷版)', '西洋惡魔咒術', '能量神諭卡：找到改變命運的方向，實現美好的財富、愛情、職業、健康、人生', '意念使用手冊：瞬間改變時間和空間的量子習慣', '魔藥學：魔法、藥草與巫術的神奇秘密']"
宗教命理,如夢如幻：我是一道彩虹,https://www.books.com.tw/img/001/092/28/0010922871.jpg,盧勝彥,財團法人真佛般若藏文教基金會,2022/05/12,優惠價：79折 205元,"「悟者是佛，迷者眾生。娑婆眾生，全在迷夢中。」，
這「如夢如幻」四個字對在迷夢中的你我而言，是有著甚麼樣的意義呢?
只是人云亦云的形容詞嗎? 
還是會成為喚醒你我實修的一個起點與動...more",https://www.books.com.tw/products/0010922871?loc=P_0005_015,"['一籃子奇想：一天一小品', '小語與小詩：一日一小詩', '七旬老僧述心懷：見道真言', '純純之思：清澈的思維', '鐵證如山的尿療法奇蹟', '遇見達摩祖師：無我無心', '[星巴克]楓糖綜合堅果']"
宗教命理,女神智慧：藉助古老教導與實踐連結神聖陰性力量,https://www.books.com.tw/img/001/092/34/0010923400.jpg,塔尼希卡,生命潛能,2022/05/10,優惠價：9折 405元,"陰性智慧的失落，形塑了過度強調陽性法則的當代社會
透過回溯世界各地的文化起源與靈性傳承，人們將重新認識「她」
讓一分為二的現代心靈得以進入鍊金術式的神聖婚姻之中
本書作者塔尼希卡曾以混亂的...more",https://www.books.com.tw/products/0010923400?loc=P_0005_016,"['愛，從接納自己開始：發現愛，深入關係，到與萬物合一的旅程', '力度伸維他命C+D+鋅發泡錠 15錠(黑醋栗口味)', '佛陀不廢話：極簡佛法入門問答', '千面女神：瞭解女性如何孕育整個人類的精神家園', '盧恩符文神諭占卜卡【第一副最完整中文化牌卡】', '來自動物界的訊息：動物圖騰的靈性力量', '火系魔法【自然元素魔法系列3】：關於力量、創造、重生的魔法', '新巫魔法書：改變生命的實修魔法', '魔法防禦術：除咒、護盾、逆襲，打開個人能量護罩', '那洛巴教你：邊工作，邊開悟', '顯化效應：每天都能做的「注意力鍊金術」，讓你心想事成', '星盤上的恆星：星座、月宿與神話', '【K’s 凱恩絲】2020新款KS94「類韓國版型口罩」天然專利有氧蠶絲口罩(天然透氣材質 3D立體剪裁呼吸舒適 純手工車縫) 白色', '千面英雄：70年經典新編紀念版，從神話學心理學到好萊塢編劇王道', '與精靈連結：探索大自然精靈的魔法世界']"
宗教命理,老師的話第28輯,https://www.books.com.tw/img/001/092/45/0010924518.jpg,明德出版社,明德出版社,2022/05/15,優惠價：79折 126元,"回首這數十年來，師尊為渡化冥頑不靈的我輩，屢屢臨壇慈悲顯化，從來不嫌棄弟子們的魯鈍與痴迷。
老師，從來不曾放棄過我們！祂那慈悲的法雨，有如醍醐灌頂，永遠鍥而不捨、無微不至的告誡著我們...more",https://www.books.com.tw/products/0010924518?loc=P_0005_017,['孟子金句：天性與人情']
宗教命理,圖解台灣行業神明圖鑑：台南體傳統工藝,https://www.books.com.tw/img/001/092/67/0010926731.jpg,謝奇峰,晨星,2022/06/13,優惠價：79折 474元,"從無形到有形，從塑像到粧佛，傳統工藝完整體現——百工司阜心目中最崇敬的那一尊神明。
 
台灣的行業神明祭祀源遠流長，行業神即百工百業的守護神，也是行業中俗稱的「祖師爺」。在趨吉避凶的心...more",https://www.books.com.tw/products/0010926731?loc=P_0005_018,['拜、請：信仰與文化的綻放']
宗教命理,新巫魔法書：改變生命的實修魔法,https://www.books.com.tw/img/001/092/36/0010923661.jpg,安柏希雅・哈索恩,楓樹林出版社,2022/05/12,優惠價：79折 332元,"～麻瓜也可以念霍格華滋的必備魔法書～
★亞馬遜4.7星至高好評，超過15000則好評！
★穩居美國亞馬遜書榜威卡教NO.1、魔法研究NO.2！
 
•「放下舊愛」法術•
協助你放下過往戀情，...more",https://www.books.com.tw/products/0010923661?loc=P_0005_019,"['魔法防禦術：除咒、護盾、逆襲，打開個人能量護罩', '火系魔法【自然元素魔法系列3】：關於力量、創造、重生的魔法', '防護魔法全書：化解負能量、厄運、小人!讓你常保神清氣爽、消災解難的100多種日常魔法', '大地魔法：取之自然的實用威卡魔法', '盧恩符文初學指南', '預兆教科書：運用900個日常「預兆」揭示未來', '與精靈連結：探索大自然精靈的魔法世界', '咒術使用說明書', '瑜伽手印大全：108種療癒手印圖解+引導式冥想', '西洋惡魔咒術', '盧恩符文神諭占卜卡【第一副最完整中文化牌卡】', '不准畫太好：人氣YouTuber的4大繪圖障礙破解術', '小雞卡巴拉：從半吊子變成卡巴拉神祕家的需知及毋需知指南', '魔法顯化：93則成為巫師的自學指南', '女神智慧：藉助古老教導與實踐連結神聖陰性力量']"
宗教命理,占星學全指引：了解你的星座與星盤，初學與進階必備案頭書,https://www.books.com.tw/img/001/092/32/0010923241.jpg,露易絲．愛丁頓,商周出版,2022/05/07,優惠價：79折 300元,"美國Amazon占星類別暢銷榜NO.1，讀者五星好評！
占星基礎知識全具備，邁向水瓶世紀，不可或缺的生命航向指南
占星之門安格斯／占星師
蘇飛雅／占星師
好評推薦！
沒有任何一個星盤配置是全好或...more",https://www.books.com.tw/products/0010923241?loc=P_0005_020,"['星盤上的恆星：星座、月宿與神話', '風系魔法【自然元素魔法系列2】：關於智慧、溝通、改變的魔法', '占星十二宮位研究', '現代塔羅牌：結合人生的塔羅牌', '當代占星研究', '預兆教科書：運用900個日常「預兆」揭示未來', '占星.業力與轉化：從星盤看你今生的成長功課', '昨日的天空：從南北月交點洞悉前世，指引今生方向', '能量水晶療癒全書：頻率對了，你的人生就對了!找出你身心靈的能量調音師', '變異三王星：天王星、海王星、冥王星的行運、苦痛、與轉機', '《塔羅入門》全譯本+美國原裝進口韋特塔羅牌', '盧恩符文神諭占卜卡【第一副最完整中文化牌卡】', '現代占星學：以占星結合心理學，找出靈魂的真實目標', '占星相位研究', '火系魔法【自然元素魔法系列3】：關於力量、創造、重生的魔法', '大地魔法：取之自然的實用威卡魔法', '占星解密‧愛與性、事業與金錢、親情與友情關係：深度剖析行星個性特質 × 十二宮位終極密碼，從星盤中看出你的宿命與解脫 (電子書)', '德國 好立善 EUREYE葉黃素全方位複方軟膠囊(30粒)', '水系魔法【自然元素魔法系列1】：關於愛、療癒、豐盛的魔法']"
宗教命理,火系魔法【自然元素魔法系列3】：關於力量、創造、重生的魔法,https://www.books.com.tw/img/001/092/58/0010925875.jpg,約瑟芬．溫特,橡實文化,2022/06/06,優惠價：79折 411元,"水、風、火、土四大元素魔法・三部曲
以神聖的火元素能量，淨化恐懼、召喚光明
 
★世界各國火神、火系神獸、火之聖域
★火系魔法藥草植物、水晶礦石、動物指導靈
★火系魔法的儀式與生活應...more",https://www.books.com.tw/products/0010925875?loc=P_0005_021,"['風系魔法【自然元素魔法系列2】：關於智慧、溝通、改變的魔法', '魔法防禦術：除咒、護盾、逆襲，打開個人能量護罩', '盧恩符文神諭占卜卡【第一副最完整中文化牌卡】', '藥草與魔法：女巫、符咒、飛行軟膏與西方古老傳說', '水系魔法【自然元素魔法系列1】：關於愛、療癒、豐盛的魔法', '能量神諭卡：找到改變命運的方向，實現美好的財富、愛情、職業、健康、人生', '大地魔法：取之自然的實用威卡魔法', '新巫魔法書：改變生命的實修魔法', '雷諾曼卡寶典：從牌義、解牌到應用，讓你輕鬆學習、精準實占', '西洋惡魔咒術', '一個台灣巫師的影子書', '[MUJI 無印良品]棉棒(補充用)/200支', '女神智慧：藉助古老教導與實踐連結神聖陰性力量', '大地能量綠魔法：獲取大地七福澤，身心靈療癒師、藥草師與自然能量掌握者的修業課', '占星學全指引：了解你的星座與星盤，初學與進階必備案頭書', '100種藥草療癒全書：史上最完整的西洋藥草寶典，100種藥草圖解╳藥草的使用&應用╳美味藥草食譜', '與精靈連結：探索大自然精靈的魔法世界']"
宗教命理,魔法獨角獸療癒卡（44張獨角獸療癒卡＋中文解說手冊）,https://www.books.com.tw/img/001/092/60/0010926055.jpg,黛安娜‧庫柏,生命潛能,2022/06/05,優惠價：79折 1011元,"沐浴在偉大的宇宙能量中
加快覺醒與揚昇的旅程
獨角獸是高頻率的純白能量，當祂以其光之犄角觸碰你，便能在靈魂層次療癒、祝福、轉化你。而每個人都有專屬的個人獨角獸，當你使用這套牌卡，便會自動...more",https://www.books.com.tw/products/0010926055?loc=P_0005_022,"['療癒人與動物的直傳靈氣', '人體全解剖圖鑑：專業醫學背景下的基礎剖析，完整說明!', '能量神諭卡：找到改變命運的方向，實現美好的財富、愛情、職業、健康、人生', '自戀者施虐，竟讓你愛到無法自拔：從有毒的伴侶、親子、朋友、主從關係中康復的最佳方式。兩萬個曾經受傷的心靈從此重生。', '指導靈全書：召喚七種靈性幫手，完成你的今生使命', '大天使神諭占卜卡(五版)', '療癒的飲食與斷食：新時代的個人營養學', '龍族守護能量全書：連結你的守護龍，迎向2032年地球第六個黃金時代', '你擁有世界上所有的時間：用集中感知力，活出沒有極限的人生', '【黛安娜庫珀.連結高次元能量守護套書】(二冊)：《獨角獸能量療癒》、《龍族守護能量全書》', '西藏生死書(五版)：三十週年精裝修訂版']"
宗教命理,能量神諭卡：找到改變命運的方向，實現美好的財富、愛情、職業、健康、人生,https://www.books.com.tw/img/001/092/51/0010925126.jpg,珊卓．安．泰勒,大樹林,2022/06/01,優惠價：79折 616元,"讀者盛讚準確、積極、易上手的神諭卡
Amazon書店超過5000人給予滿分評價，平均4.8分
解讀你當下能量，精準預測未來，徹底改變命運
◆《紐約時報》暢銷書《量子物理與宇宙法則》作者力作
◆暢銷...more",https://www.books.com.tw/products/0010925126?loc=P_0005_023,['NaN']
宗教命理,命運最重要的事：終止負面業力，做出不讓生命後悔的選擇！,https://www.books.com.tw/img/001/092/14/0010921449.jpg,詹姆斯．艾倫,柿子文化,2022/04/25,優惠價：79折 253元,"世界動亂、世事無常、生命陷落、事業失利……
你是否常有無法控制生活的徬徨？
每一次逆境，都是轉運造命的提醒：
你能否在每一個當下，
做出不讓生命後悔的思考、選擇與行動？
 
◆長銷10...more",https://www.books.com.tw/products/0010921449?loc=P_0005_024,"['你以為的偶然，都是人生的必然：通透好命的本質，解生活的憂，排人生的苦', '變化中的世界秩序：橋水基金應對國家興衰的原則', '每一次因果，都是人生最好的練習：成為自己生命的主人', '打破人生幻鏡的四個約定：你不必被困在這裡，而是活出前所未有的滿足、快樂與自由', '你的思想決定業力：你的靈魂深處有什麼，就吸引什麼!', '原生家庭木馬快篩：三步驟解鎖並拋棄繼承家族負向印記', '天堂的證明：一位哈佛神經外科權威醫生的瀕死體驗', '你發生過什麼事：【Amazon及紐約時報暢銷第1名!】關於創傷如何影響大腦與行為，以及我們能如何療癒自己', '佛陀：一個覺醒的人', 'C30登機門的心靈旅程：改變一生的六場邂逅', '零阻力改變：華頓商學院爆紅行為科學課，直擊內在弱點，高效自我成長', '你擁有世界上所有的時間：用集中感知力，活出沒有極限的人生', '內心對話的力量：遠離自我批判，提升心靈自癒力的11種練習', '與生活和好：克里希那穆提寫給你的28道生命習題']"
宗教命理,超越的力量,https://www.books.com.tw/img/001/092/33/0010923373.jpg,許添盛,賽斯文化,2022/05/01,優惠價：79折 308元,"每個人都有同樣強大的內在力量
本書作者許添盛醫師說，很多初學賽斯心法的學員都問過他：「許醫師，賽斯心法到底在教些什麼啊？」他的回答是：「賽斯心法是在幫助人們拿回自己的力量，讓你有免於...more",https://www.books.com.tw/products/0010923373?loc=P_0005_025,"['晨光奏鳴曲', '自我覺察：朝向內在快樂的過程：Be Self─aware， Be Happy', '早期課8', '【池上鄉農會】池上捲餅 – 紫米口味150g/瓶', '【Cap】通風雙層枕頭晾曬網', '其實，你不是你以為的自己：療癒成長的創傷，還原靈性的美好', '療癒的飲食與斷食：新時代的個人營養學', '接納：化解反向對抗的自己', '再也沒有蒜苗佐烏魚子了', '遊戲人生72變：線上‧實體遊戲教學一本通', '賽斯讓你成為命運的創造者', '【日本DUSKIN】魔術抹布1入', '拿回自主權：《健康之道》讀書會.1', '(3支1包)UNI─BALL ONE鋼珠筆 0.5 黑']"
宗教命理,佛陀不廢話：極簡佛法入門問答,https://www.books.com.tw/img/001/092/25/0010922527.jpg,諾亞．羅舍塔,楓樹林出版社,2022/04/26,優惠價：79折 300元,"～直接明暸地回答佛法熱門問題！～
所有你對佛法的疑問，都將在本書得到真實回答
 
★美國亞馬遜4.7星，3300多則至高好評！
★愛智者書窩版主／鐘穎專文推薦！
 
所有你對佛法的疑問，都...more",https://www.books.com.tw/products/0010922527?loc=P_0005_026,"['佛陀：一個覺醒的人', '預兆教科書：運用900個日常「預兆」揭示未來', '肌力訓練課程設計', '透視心靈原型卡：與74個潛意識裡的你對話', '野外求生101：叢林、荒野生存必備技藝', '你以為的偶然，都是人生的必然：通透好命的本質，解生活的憂，排人生的苦', '揭開自己的謊言：那些我們自欺欺人的方式，以及如何從痛苦困境中解脫', '懶貓哲學 貓生的脫力系哲思', '哲學家的學佛筆記：關於「離苦得樂」的思索與修行', '禪心默照', '這個是什麼?那個是什麼?', '被討厭的勇氣：自我啟發之父「阿德勒」的教導', '穆罕默德：宣揚謙卑、寬容與和平的先知', '把小錢滾成大財富：愈早看破愈早財務自由的存錢迷思', '心的鍛鍊：禪修的觀念與方法', '一個瑜伽士的內在喜悅工程：轉心向內 即是出路', '順勢溝通：一句話說到心坎裡!不消耗情緒，掌握優勢的39個對話練習', '黑暗騎士崛起：蝙蝠俠全史與席捲全世界的宅文化', '神的歷史(四版)', '卡片盒筆記：最高效思考筆記術，德國教授超強秘技，促進寫作、學習與思考，使你洞見源源不斷，成為專家']"
宗教命理,一個台灣巫師的影子書,https://www.books.com.tw/img/001/092/63/0010926344.jpg,丹德萊恩,楓樹林出版社,2022/06/10,優惠價：79折 711元,"～華人界第一本儀式魔法修習之書～
揭露遠古魔法哲思精練內涵，開展自身靈性道途
 
「我們憑著信仰而行，而不是憑著眼見。」——與神同工，尋覓意識深處的啟示之光
 
所謂的魔法師，是以與神合...more",https://www.books.com.tw/products/0010926344?loc=P_0005_027,"['黑魔法手帖', '火系魔法【自然元素魔法系列3】：關於力量、創造、重生的魔法', '小法故事多：一個魔法師的個人回憶錄']"
宗教命理,那洛巴教你：邊工作，邊開悟,https://www.books.com.tw/img/001/092/34/0010923409.jpg,"那洛巴尊者,堪千創古仁波切",眾生,2022/05/06,優惠價：79折 308元,"這是大手印金鬘傳承第二棒，
也是「那洛六法」祖師：那洛巴的法本；
這是大寶法王的老師：創古仁波切的釋論；
——兩大殊勝合璧，
這是大手印修行人不可錯過的經典！
這是大手印...more",https://www.books.com.tw/products/0010923409?loc=P_0005_028,"['堪布仁波切 送你一朵微笑：讓人人感到滿心溫暖的佛法教導與對話', '國王之歌：薩惹哈尊者談大手印禪修', '大手印直引口訣30句(二版)', '無上菩提修行藍圖：《大乘莊嚴經論》解說(上)', '空行母事業──證悟之路與利他事業的貴人', '蓮師在印度：追尋蓮師足跡系列二', '上師之師：歷代大寶法王噶瑪巴的轉世傳奇', '大般若波羅蜜多經.第五百七十二卷【寬謙法師講經版】', '圓滿，我來到起點：創巴仁波切遺教法寶：三乘法教系列之七——不壞覺醒之密續道(下)', '【正官庄】活蔘28D(100mlx10瓶)', '岡波巴四法：心趣法‧法入道‧道斷惑‧惑顯智', '蓮池大師開示語錄', '女神智慧：藉助古老教導與實踐連結神聖陰性力量']"
宗教命理,寫．金剛經【25開標準本】：能斷一切執著。應無所住而生其心，圓融自在。,https://www.books.com.tw/img/001/092/16/0010921644.jpg,張明明（範帖寫作）,漫遊者文化,2022/04/20,優惠價：9折 252元,"一切有為法，如夢幻泡影
如露亦如電，應做如是觀
《金剛經》的全稱是《金剛般若波羅蜜經》
「金剛」是比喻，意指堅固無比，一切物不能壞它，鋒利無比，能壞一切物。
「般若」是梵文直接音譯，指的是大智...more",https://www.books.com.tw/products/0010921644?loc=P_0005_029,"['寫心經【25k標準本】：108遍己願成就版。靜心寫字，透過筆尖進入內心安靜的宇宙', '寫‧藥師經【25k標準本】：受持讀誦、演說書寫，令諸有情，所求皆得', '寫心經：108遍圓滿祝福版。虔心寫字，透過筆尖送出內在的祝福【A4可撕大開本】', '台灣LE PONT─黃金鵝油香蔥', '金剛經硬筆鈔經本', '【Kuretake 日本吳竹】85號寫經毛筆', '親手抄金剛經(暢銷經典版)']"
宗教命理,星盤上的恆星：星座、月宿與神話,https://www.books.com.tw/img/001/092/24/0010922478.jpg,奧斯卡．霍夫曼,星空凝視古典占星學院文化事業,2022/05/01,優惠價：9折 522元,"以哲學詮釋神話，以神話理解恒星
國際古典占星學院（ISCA）創辦人奧斯卡·霍夫曼透過24個案例，展示了恆星背後豐富的象徵意義及神話，是如何為星盤分析增添更深入、更富靈性的維度的。
＊一...more",https://www.books.com.tw/products/0010922478?loc=P_0005_030,"['亞伯拉罕.伊本.伊茲拉：智慧的開端', '預測占星學：從星盤預視幸福的你', '占星學全指引：了解你的星座與星盤，初學與進階必備案頭書', '占星解密‧愛與性、事業與金錢、親情與友情關係：深度剖析行星個性特質 × 十二宮位終極密碼，從星盤中看出你的宿命與解脫', '月亮金星行運全書：家庭、情感與金錢的命運時刻表', 'KOKUYO Novita α 24口袋夾透明', '凱龍星的療癒力量：你的靈魂痛點，心理占星都知道', '古典醫學占星：元素的療癒', '榮格.占星學(2021年版)', '【一人衣愛助兒盟】2022鳳小岳公益愛T恤─陽光款(男裝) M 湖水藍', '現代塔羅牌：結合人生的塔羅牌', '預兆教科書：運用900個日常「預兆」揭示未來', '選擇與開始：古典擇時占星', '卜卦全占星【全新增修版】', '占星相位研究', '大地魔法：取之自然的實用威卡魔法', '女神智慧：藉助古老教導與實踐連結神聖陰性力量']"
宗教命理,大般若波羅蜜多經．第五百七十二卷【寬謙法師講經版】,https://www.books.com.tw/img/001/092/24/0010922480.jpg,"玄奘,釋寬謙",臺灣商務,2022/04/29,優惠價：79折 774元,"寬謙法師從圖表解讀般若智慧
罕見《大般若經》572卷，全經文詳解、白話翻譯
佛陀與弟子問答，一覽鷲峰山講經論法之盛況
成就一切因緣，調伏自性，圓滿渡到彼岸的智慧之書。
顯德品、現化品、陀羅尼品、勸...more",https://www.books.com.tw/products/0010922480?loc=P_0005_031,"['解開生命的密碼：八識規矩頌講記', '大智慧到彼岸：心經講記', '突破「無知」的壁壘：科學與佛教的震撼對話!有助打破大腦的「自我」框架，消除煩惱最佳指南', '【稑珍】泰麵─綠咖哩(150公克x4入/袋) 綠咖哩', '龍樹中論的哲學解讀', '阿毘達磨佛教思想論', '那洛巴教你：邊工作，邊開悟', '原始佛教思想論 新譯本', '瑜伽就是心靈修行：斯瓦米韋達的22堂覺醒生活課', 'KOKUYO NOViTA帳單信件收納夾─ 24P白']"
宗教命理,達賴喇嘛講三主要道―—宗喀巴大師的精華教授,https://www.books.com.tw/img/001/092/58/0010925818.jpg,達賴喇嘛,橡樹林,2022/06/04,優惠價：79折 284元,"博大精深的義理，
融為十四個言簡意賅的偈頌，
每一偈都是菩提道上的必要部署。
達賴喇嘛尊者認為，
《三主要道》是道次第教授精髓的總攝，內容雖然精簡，但非常有重量。
將所有修行要義統攝為...more",https://www.books.com.tw/products/0010925818?loc=P_0005_032,"['無上菩提修行藍圖：《大乘莊嚴經論》解說(上)', '廣海明月：道次第廣論講記淺析(第一卷 增訂版)', '蓮師在印度：追尋蓮師足跡系列二', '修習止觀之鑰：《菩提道次第略論•上士道•止觀品》解說', '你就是覺性：《八曲仙人之歌》講記', '心念自癒力，逆轉慢性病(親簽版)：21世紀最新心念醫學']"
宗教命理,日本的佛像與寺院（插畫版完全指南）,https://www.books.com.tw/img/001/092/29/0010922911.jpg,日本的佛像與寺院研究會,遠足文化,2022/05/05,優惠價：79折 300元,"◇⊱—代表性的138尊佛像、45座寺院—⊰◇
透過插畫探究各尊佛像的主要特徵與寺院名勝的觀覽重點!!
走訪日本名勝景點，最佳旅遊隨身導覽！
理解日本佛教文化與建物古蹟，就從這一本開始！
參訪日本各地的寺...more",https://www.books.com.tw/products/0010922911?loc=P_0005_033,"['【日本厳選】神奇科技海綿─ 日本製造', '【MUJI 無印良品】速食雜糧粥品(玄米&糯麥)200g', '人類木馬程式：隨書附贈《21天快篩清除木馬實用手冊》，幫你快速打通金錢與愛情的任督二脈!', '媽媽的每一天：高木直子陪你一起慢慢長大(首刷高木直子簽名祝福限量印刷扉頁)']"
宗教命理,蓮師在印度：追尋蓮師足跡系列二,https://www.books.com.tw/img/001/092/63/0010926398.jpg,"蓮花生大士,拉瑟・洛扎瓦",眾生,2022/06/03,優惠價：79折 340元,《蓮師在印度》呈現了蓮師在古印度的生平故事和修行的聖蹟。蓮師出生於古印度，在數百年的時間裡，與同時代最偉大的上師們一起修學佛法，也曾在屍陀林中修行，保護佛法，將那些善妙的教法廣為弘揚。以...more,https://www.books.com.tw/products/0010926398?loc=P_0005_034,['NaN']
宗教命理,簡明聖經(新藝術版)(精裝)：創世記、出埃及記1～20章、約伯記、詩篇、箴言、傳道書、雅歌、以賽亞書、約拿書、新約全書,https://www.books.com.tw/img/001/092/39/0010923994.jpg,"凸桑中文聖經協會,蕭慶松",道聲出版社,2022/05/13,優惠價：9折 351元,"★油畫布素材，兼具美感與實用性！
★新增約伯記、傳道書、雅歌三卷書！
 
《簡明聖經》依照語言學的原理翻譯，並把其中所敘述的事情、所描寫的情節、所教導的真理、以及所使用的語氣和節...more",https://www.books.com.tw/products/0010923994?loc=P_0005_035,['我們與相愛的距離：戰勝情慾，奪回真愛']
宗教命理,修習止觀之鑰：《菩提道次第略論•上士道•止觀品》解說,https://www.books.com.tw/img/001/092/40/0010924010.jpg,大寂法師,大寂法師,2022/05/13,優惠價：9折 450元,"止，用來修定
觀，用來發慧
止觀雙運，才能證得究竟解脫、空性、無我
 
學習六波羅蜜的後兩個波羅蜜——禪定及般若——即是修止觀，因為止觀方法乃由後兩個波羅蜜所總攝。《解深密經》說...more",https://www.books.com.tw/products/0010924010?loc=P_0005_036,"['禪法寶藏(1)：雜阿含經講解', '空性智慧：金剛經講解', '達賴喇嘛講三主要道―—宗喀巴大師的精華教授', '蓮師在印度：追尋蓮師足跡系列二']"
宗教命理,無上菩提修行藍圖：《大乘莊嚴經論》解說(上),https://www.books.com.tw/img/001/092/26/0010922657.jpg,金剛上師卓格多傑,華夏出版有限公司,2022/05/10,優惠價：79折 435元,《大乘莊嚴經論》，是古印度瑜伽行唯識學派的僧人無著所撰（或說彌勒造頌，無著傳出，世親造釋），唐朝波羅頗迦羅蜜多羅漢譯。是唯識宗的「六經十一論」之一。現代另有經索達吉堪布比較藏文版本潤飾文...more,https://www.books.com.tw/products/0010922657?loc=P_0005_037,"['那洛巴教你：邊工作，邊開悟', '雪域虹光：光明金剛密庫', '達賴喇嘛講三主要道―—宗喀巴大師的精華教授', '九會毘盧：華嚴圓教啟示錄', '禪定道炬：如何修習三昧', '來自普陀洛伽的信念', '他們來自銅色吉祥山：寧瑪護法', '大圓滿：佛陀的終極理念', '如何修證密法', '龍欽心髓妙道前行']"
宗教命理,預兆教科書：運用900個日常「預兆」揭示未來,https://www.books.com.tw/img/001/092/30/0010923096.jpg,鏡龍司,楓樹林出版社,2022/05/04,優惠價：79折 332元,"～「偶然」不再只是過眼雲煙，讓「預兆」揭示未來走向～
★日本魔法師鏡龍司又一力作，增加你的日常魔力
★收錄900個預兆關鍵字，知曉每一種偶然的意義。
★收錄分類索引，精準又能快速查閱...more",https://www.books.com.tw/products/0010923096?loc=P_0005_038,"['佛陀不廢話：極簡佛法入門問答', '新巫魔法書：改變生命的實修魔法', '占星學全指引：了解你的星座與星盤，初學與進階必備案頭書', '防護魔法全書：化解負能量、厄運、小人!讓你常保神清氣爽、消災解難的100多種日常魔法', '大地魔法：取之自然的實用威卡魔法', '沒事沒事，太認真就輸了：日本療癒新星「聖代貓」的64個人際困境神救援，用「逆轉念」擺脫你的每個厭世瞬間', '風系魔法【自然元素魔法系列2】：關於智慧、溝通、改變的魔法', '顯化效應：每天都能做的「注意力鍊金術」，讓你心想事成', '星盤上的恆星：星座、月宿與神話']"
宗教命理,學風水斷疾病，一本就上手,https://www.books.com.tw/img/001/092/67/0010926710.jpg,王信宜,知青頻道,2022/06/03,優惠價：79折 284元,"一讀就懂！從根源處移除疾病的風水之因
瞭解居家風水中的煞氣，如何影響健康而產生疾病或引發意外血光之災，就能預防風水疾病的發生。
中醫與風水之道，同源於《易經》。中醫在治療思路與治法上，運...more",https://www.books.com.tw/products/0010926710?loc=P_0005_039,"['3M 686─GRDNT抽取式超厚材質標籤(2.54×3.81公分)', '祕典卡巴萊恩：失落的赫米斯7大宇宙法則', '【德國BRITA】MAXTRA Plus 濾芯全效型(3入裝)', '這樣解痛，才是聖經!!：所有疼痛，該整的是神經(附示範影片QR碼)']"
宗教命理,人間佛教的實踐：使者的紀錄,https://www.books.com.tw/img/001/092/35/0010923597.jpg,慧裴法師,佛光,2022/04/29,優惠價：95折 304元,本書以《人間佛教的實踐》為題，收錄了慧裴法師十年來整理的六篇文章及一篇後記，從春節平安燈法會、高雄大樹國際水果節、體育、星雲大師度化青年的模式、從「萬緣水陸法會」探究星雲大師的管理理念、...more,https://www.books.com.tw/products/0010923597?loc=P_0005_040,"['MIDORI MD Notebook(A5)透明保護套604(A5)透明保護套', '懺悔的實證：依於《梁皇寶懺》']"
宗教命理,中國佛教美術史(增訂二版),https://www.books.com.tw/img/001/092/48/0010924816.jpg,李玉珉,三民,2022/05/25,優惠價：95折 665元,"★認識中國佛教美術發展必讀之書
★250幅精選圖像，帶您體會中國佛教藝術之美
★增納近20年中國佛教考古最新史料
本書分為八章，以通史之形式、美術史之角度切入，介紹自漢迄清佛教美術發展...more",https://www.books.com.tw/products/0010924816?loc=P_0005_041,"['美的沈思：中國藝術思想芻論(彩色珍藏版)', '台灣美術史綱', '戰後台灣美術史', '你不可不知道的 歐洲藝術與建築風格(四版)', '西洋美術史綱要(三版)']"
宗教命理,藥草與魔法：女巫、符咒、飛行軟膏與西方古老傳說,https://www.books.com.tw/img/001/092/53/0010925322.jpg,西村佑子,如果出版社,2022/05/31,優惠價：79折 284元,"從西方的古老傳說中，找回藥草失傳已久的神奇魔力！？
．女巫的魔法軟膏配方有哪些？
．如何用藥草改善健忘和無知？
．採集藥草也要看日子？
．愛情魔法要如何施展？
．解除詛咒的藥...more",https://www.books.com.tw/products/0010925322?loc=P_0005_042,"['火系魔法【自然元素魔法系列3】：關於力量、創造、重生的魔法', '盧恩符文神諭占卜卡【第一副最完整中文化牌卡】']"
宗教命理,佛藏經講義 第十八輯,https://www.books.com.tw/img/001/092/53/0010925364.jpg,平實導師,正智出版社有限公司,2022/05/30,優惠價：9折 270元,本經說明為何佛菩提難以實證之原因，都因往昔無數阿僧祇劫前的邪見，引生此世求證時之業障而難以實證。並以諸法實相詳細解說，繼之以念佛品、念法品、念僧品，說明諸佛與法之實質；然後以淨戒品之說明...more,https://www.books.com.tw/products/0010925364?loc=P_0005_043,['佛藏經講義 第十七輯']
宗教命理,漢傳佛教的療癒之道,https://www.books.com.tw/img/001/092/63/0010926317.jpg,梅靜軒,財團法人法鼓山文教基金會-法鼓文化,2022/06/09,優惠價：9折 261元,"本書揭示古今醫學始終遺漏的珍貴寶藏。
如能善用法藥，病痛本身就是一條療癒之道，治癒我們迷途的心。
「佛教醫學」是佛學研究中的一個新興領域，也可被歸類在人文醫學的範疇下。這領域嘗試...more",https://www.books.com.tw/products/0010926317?loc=P_0005_044,"['釋淨土群疑論：提要校註', '佛教醫學的奧秘', '法的療癒：佛陀教我的10堂生死課', '醫方明鑑：日常養生精論與對症佛禪療法']"
宗教命理,最新版 靈氣療法：療癒的能量就在掌中(三版),https://www.books.com.tw/img/001/092/46/0010924623.jpg,土居裕,笛藤,2022/05/26,優惠價：79折 237元,"「來自宇宙的治療能量」
靈氣始祖臼井甕男的真髓
藉由手掌與呼吸法，
活用宇宙的治癒力，
自己就可以幫助自己釋放壓力、增進免疫力，
與宇宙和諧共鳴，邁向健康＆幸福之路！
雙色...more",https://www.books.com.tw/products/0010924623?loc=P_0005_045,['NaN']
宗教命理,聖經的16堂人生學：跟著上帝學習人生智慧、職場屬靈定律、屬天洞察力與成長超越，活出更豐盛蒙福的⽣命,https://www.books.com.tw/img/001/092/60/0010926000.jpg,吳獻章,宇宙光,2022/06/03,優惠價：79折 277元,"沒有聖靈重生的，人生是不能重來的！
 
本書是作者吳獻章老師給讀者的殷切叮嚀：「你我從現在開始直到『躺平』，靠主、為主，好改變你我的結局，方能對得起在受難節曾為我們死、復活節為我們復...more",https://www.books.com.tw/products/0010926000?loc=P_0005_046,['【美味田】極特濃系_原味乳酪絲(煙燻風味)(60g)']
宗教命理,晨光奏鳴曲,https://www.books.com.tw/img/001/092/33/0010923370.jpg,陳嘉珍,賽斯文化,2022/05/01,優惠價：79折 332元,"你是個從小聽話、守規矩的好孩子嗎？
明明一路都照爸媽的指示行事，為什麼長大之後，
卻沒有得到爸媽承諾的幸福快樂呢？
自己的人生到底什麼時候走岔了路，
為什麼已屆不惑之年，生命...more",https://www.books.com.tw/products/0010923370?loc=P_0005_047,"['超越的力量', '安多精品Sweetie繽紛中腰免洗褲 ─ 淑女型2XL甜美馬卡龍色系 (5件入)', '自我覺察：朝向內在快樂的過程：Be Self─aware， Be Happy', '誰是小蘋果']"
宗教命理,現代塔羅牌：結合人生的塔羅牌,https://www.books.com.tw/img/001/092/35/0010923555.jpg,小嵐老師,大拓文化,2022/05/04,優惠價：9折 332元,"資深占卜師《小嵐老師》結合生活上常見的難題，
由淺入深一步步帶你進入專業塔羅的領域！
 
人生難題很難嗎？
解密公開塔羅圖案的神秘含意，幫你迅速擷取牌裡訊息！
 
本書不但...more",https://www.books.com.tw/products/0010923555?loc=P_0005_048,"['占星學全指引：了解你的星座與星盤，初學與進階必備案頭書', '塔羅牌陣全書：活用76種牌陣，解讀能力大升級', '生存力的丹田!圖解腹部十二調律點‧肚臍十字穴，掌握全身體狀態：最全面的「腹診」保健專書，調氣血、解心病、調五臟的養腹健康之道', '深入塔羅牌的神祕能量：影響一生的塔羅牌學習書', '星盤上的恆星：星座、月宿與神話', '小信號防萬病：頭暈、打鼾、腳麻、盜汗、便祕、眉毛脫落…… 都是身體在求救的訊號，最精準的中醫疾病預測學。', '塔羅星事：搞懂星座與塔羅牌的關聯，從占星角度理解自我覺察']"
宗教命理,龍樹與中觀哲學(三版),https://www.books.com.tw/img/001/092/48/0010924819.jpg,楊惠南,東大,2022/05/25,優惠價：95折 304元,龍樹（Nagarjuna；150-250），是印度大乘佛教最有力的推廣者與理論家，由於龍樹的推廣與著述，大乘佛教在印度逐見興盛，並逐漸隨著僧侶的傳播影響到東亞。龍樹在印度佛教史上的地位崇高，印度信徒為其...more,https://www.books.com.tw/products/0010924819?loc=P_0005_049,"['成就的祕訣：金剛經(初版37刷)', '金剛經.藥師經.中折本.注音.荷蘭布.書盒(4版1刷)', '地藏經(28開經摺)', '龍樹中論的哲學解讀', '楞嚴經全譯易讀(三版)']"
宗教命理,神隱：來自異界的誘惑,https://www.books.com.tw/img/001/092/48/0010924833.jpg,小松和彥,時報出版,2022/05/31,優惠價：79折 253元,"何為「神隱」？
由失蹤而起，經過社會性的死亡，乃至肉身的死亡。
隱藏在日本文化脈絡下的古老傳承，將人引領至神祕的異界…‥
 
消失於社會上的人，究竟是被神怪所隱藏？還是被鬼狐所誘惑？
 
因...more",https://www.books.com.tw/products/0010924833?loc=P_0005_050,['香港_何去何從']
宗教命理,脈輪調頻：111個深化靈性共振的日常練習,https://www.books.com.tw/img/001/092/63/0010926351.jpg,凱爾．葛雷,楓樹林出版社,2022/06/10,優惠價：79折 435元,"～提升內在振動頻率的每日靈性練習～
★美國亞馬遜4.7星，近2000條至高好評！
★實踐脈輪能量療癒的日常練習指南
 
【練習顯化層面】
✦引導能量流經各個脈輪，啟動拙火
✦與生命的本源相連...more",https://www.books.com.tw/products/0010926351?loc=P_0005_051,"['369排毒食譜', '占星芳療：獻給女巫的精油魔法調香術']"
宗教命理,魯益師與他的產地：護教大師內在與背後的世界,https://www.books.com.tw/img/001/092/65/0010926572.jpg,麥葛福,校園書房,2022/06/05,優惠價：79折 474元,"★ECPA2014非小說類年度好書金牌獎★
『重寫基督教文學大師不朽一生，一槌定音的經典傳記！』
《我如何思考基督教》（MereChristianity）出版七十週年紀念！
一代文豪魯益師有三種世人熟悉的面貌：暢...more",https://www.books.com.tw/products/0010926572?loc=P_0005_052,"['【美味田】極特濃系_原味乳酪絲(煙燻風味)(60g)', '四種愛：魯益師論親愛、友愛、愛情、仁愛']"
宗教命理,落地扎根，綻放芳華：天主教靈醫會來台70週年啟示實錄,https://www.books.com.tw/img/001/092/28/0010922828.jpg,"郭約瑟（主筆）,靈醫會之光編輯部（編著）",啟示,2022/05/05,優惠價：79折 379元,"✦教宗方濟各、蔡英文總統，共同感動推薦！
✦靈醫會的會士們用生命疼惜台灣的動人紀實
有這麼一群人，穿越數千英里的海洋來到台灣，
他們忍捨了個人的親情，不在乎吃苦、放棄所有享受，以醫療傳愛，用...more",https://www.books.com.tw/products/0010922828?loc=P_0005_053,"['活出意義來', '踏腳石，絆腳石 心理問題的靈修答案', '教理原來如此：天主慈悲的7個祕密', '念茲在茲：活在聖神中', '聖女大德蘭的靈心城堡：你的心靈是神聖居所，是另一個天堂(再版))']"
宗教命理,如何為你的孩子禱告(更新版)(精裝),https://www.books.com.tw/img/001/092/34/0010923410.jpg,史多美．奧瑪森,財團法人基督教以琳書房,2022/04/29,優惠價：9折 270元,"★暢銷三千七百萬冊的如何禱告系列作家——史多美．奧瑪森之最佳經典作品！
★美國亞馬遜５顆星好評推薦！
 
父母親的禱告會成為孩子永遠的幫助！
 
因著雙親的禱告，多少年輕的生命將...more",https://www.books.com.tw/products/0010923410?loc=P_0005_054,"['如何為你的丈夫禱告(精裝)', '如何為妳自己禱告', 'YSH益勝軒 兒童5─7歲 醫療 3D立體口罩50入/盒─粉色 台灣製 符合國家標準', '美一次，我起身禱告：讓與生俱來的權柄發亮', '如何為婚姻的難題禱告(精裝)：建立維繫一生之久的美滿婚姻']"
宗教命理,佛教在漢字文化圈的流布：朝鮮半島、越南,https://www.books.com.tw/img/001/092/39/0010923926.jpg,財團法人法鼓山文教基金會-法鼓文化,more,2022/05/18,優惠價：9折 585元,"日本學界嶄新論述◆多樣的思想文化風貌
 
傳統的東亞佛教研究，多半停留在「印度→中國→日本」的傳播模式，佛教是東亞諸國交流中最重要的文化載體，隨著漢譯佛典的出現，僧侶間互動頻繁的人際網路...more",https://www.books.com.tw/products/0010923926?loc=P_0005_055,['《merking》喜瑪拉雅山玫瑰食用岩鹽(細粉末)(300g/包)']
宗教命理,王陽明傳習錄詳註集評（修訂版七刷）,https://www.books.com.tw/img/001/016/96/0010169660.jpg,陳榮捷,台灣學生書局,2022/05/01,優惠價：9折 405元,有明王學展播全國，支配國人精神思想百有餘年。其致良知與知行合一之旨，至今仍為我國哲學一擎天高峰，而四句之教，聚訟數百載，火尚未闌。東渡而異地開花，于明治維新，給大生力。此強健思想之源泉...more,https://www.books.com.tw/products/0010169660?loc=P_0005_056,['NaN']
宗教命理,自由(新版),https://www.books.com.tw/img/001/092/58/0010925817.jpg,奧修（OSHO）,麥田,2022/06/04,優惠價：79折 300元,"如何活出有意義的生命？找到真正的自由？
找出「情緒困擾根源」！找出「我是誰」！
奧修給我們的忠告
佛陀說：真正的自由是免於你自己的自由
你是自由的，但每一個自由的行動都會帶來責任
沒有任...more",https://www.books.com.tw/products/0010925817?loc=P_0005_057,"['療癒的飲食與斷食：新時代的個人營養學', '西藏生死書(五版)：三十週年精裝修訂版']"
宗教命理,佛教海線絲綢之路,https://www.books.com.tw/img/001/092/59/0010925966.jpg,路易斯．蘭卡斯特,佛光,2022/06/03,優惠價：95折 342元,"這是一部浩瀚的海上佛教史，其範圍廣闊，令人驚嘆！不僅涉及佛教宗派、著名僧侶和規範行儀，有關海上跨中西文化接觸、南島民族的航海技術和遷徙等各種因緣，都是佛教傳播史的重要環節。
蘭卡斯特...more",https://www.books.com.tw/products/0010925966?loc=P_0005_058,['聆聽，先知穆罕默德的跫音：一部為穆斯林而寫的先知傳記【從出生、公開宣教，到前往麥地那】(典藏書盒第一、二冊不分售)']
宗教命理,為衝突立界線：有效溝通，創造改變,https://www.books.com.tw/img/001/092/65/0010926574.jpg,"克勞德,湯森德",校園書房,2022/06/05,優惠價：79折 316元,"你為人際關係種種衝突苦惱嗎？
表達自我，畫清界線，才能更加親密！
 
4種衝突情境x12項溝通要素x8項自我檢測x5種預備過程x7類關係解析
 
★夫妻爭執
討論金錢、育兒、姻親等問題，
...more",https://www.books.com.tw/products/0010926574?loc=P_0005_059,['九型人格的成長練習：成為自己， 從看見上帝眼中的你開始']
宗教命理,八字奧秘三十天快譯通,https://www.books.com.tw/img/001/092/25/0010922501.jpg,於光泰,於光泰,2022/05/01,優惠價：9折 990元,"依據八字學理逐步論述，深入淺出，運用大量實例穿針引線，讀後如醍醐灌頂，揮灑自如。
本書內容涵古論今，將八字學層層論述，可利用書中哲理，強化邏輯思維，是現代人運用傳統智慧安身立命，規劃...more",https://www.books.com.tw/products/0010922501?loc=P_0005_060,['【壽滿趣─ Bostock】頂級初榨蒜香酪梨油(250ml 單瓶散裝)']
宗教命理,東西手相學及指紋之研究 (再版),https://www.books.com.tw/img/001/092/35/0010923520.jpg,前島熊吉,瑞成書局,2022/05/11,優惠價：9折 450元,本書於民國三十七年譯出，述及中西手相學及指紋學，並包羅易理、三教九流人物事例之研判。近二十年來，經同人等分別研討考驗，咸認推闡縝密，立論準確。...more,https://www.books.com.tw/products/0010923520?loc=P_0005_061,"['公篤相法(三版)', '生肖姓名學：吉凶教科書', '這本姓名學，和你想的不一樣', '這本姓名學最好用：寶寶取名、成人改名、公司命名(雙色 全新增修版)', '姓名學教科書(暢銷五版)']"
宗教命理,好心‧好世界：聖嚴法師談心靈環保（二版）,https://www.books.com.tw/img/001/092/39/0010923921.jpg,聖嚴法師,財團法人法鼓山文教基金會-法鼓文化,2022/05/18,優惠價：9折 198元,"面對現今多變的世界，我們需要能隨時安心的方法。
心靈環保——是聖嚴法師送給世人最珍貴的禮物。
 
心靈環保不是一句口號，
它是一種具體可行的生活方式。
它是你心中的良善，
...more",https://www.books.com.tw/products/0010923921?loc=P_0005_062,"['根本佛母：準提密法(再版)', '世界上最快樂的人', '當和尚遇到鑽石套書(5冊)', '諦聽與愛語：一行禪師談正念溝通的藝術', '希望‧新生2：心之勇士']"
宗教命理,楞嚴經．五十陰魔淺釋,https://www.books.com.tw/img/001/092/55/0010925595.jpg,宣化上人,法界書苑(法界佛教印經會),2022/05/20,優惠價：95折 285元,宣化上人說：「你若明白五十陰魔的道理，就不會為境界所搖動，這是最要緊的！因為《楞嚴經》講的道理，字字都是真經真典，尤其是〈五十陰魔〉，把天魔外道的骨頭都給看穿了，把妖魔鬼怪的相貌都揭露無...more,https://www.books.com.tw/products/0010925595?loc=P_0005_063,['圖解楞嚴經']
宗教命理,現代塔羅牌：結合人生的塔羅牌組  (牌+書+軟皮精裝筆記本 一組),https://www.books.com.tw/img/001/092/64/0010926480.jpg,小嵐老師,大拓文化,2022/06/01,優惠價：79折 631元,"感應到塔羅牌的能量，
讓每一位對塔羅有興趣的人，
都可以從中擷取到生命的靈性與光芒！
依照19世紀萊德偉特經典牌組重新繪製
初學者好上手，更具有收藏價值
封底文案
職場...more",https://www.books.com.tw/products/0010926480?loc=P_0005_064,"['深入塔羅牌的神祕能量&萊德偉特78張手繪塔羅牌組', '塔羅靈數：透析塔羅牌裡的靈數能量，認識自己與生命的78種可能', '現代塔羅牌：結合人生的塔羅牌', '黃金塔羅牌：維斯康提經典復刻牌組(奢華刷金版)', '塔羅事典：塔羅牌使用說明書，翻一張牌為自己找到問題出口!']"
宗教命理,我們都是星族人2,https://www.books.com.tw/img/001/092/15/0010921501.jpg,王謹菱,橡樹林,2022/04/16,優惠價：79折 332元,"地球人如果有足夠的決心和定力面對自己，
活在當下，不再被貪婪、欲念、恐懼所操縱，
地球將發生不可思議的改變。  
 
地球上的戰爭從古至今沒有停止的一天，
就連現在的世界都還烽煙四起…
...more",https://www.books.com.tw/products/0010921501?loc=P_0005_065,"['我們都是星族人1', '我們都是星族人0', '天堂的證明：一位哈佛神經外科權威醫生的瀕死體驗', '誦經與量子力學：從藥師經儀軌了解意識能量轉化的奧祕']"
宗教命理,六爻預測的因果世界,https://www.books.com.tw/img/001/092/19/0010921981.jpg,"王虎應,劉鐵卿",進源書局,2022/04/18,優惠價：9折 540元,因果一詞源於佛教，是建立在輪回理論基礎上的一種說法，佛教認為現在人們所感受到的幸福與痛苦都是因為前世所做過的一切才造成。而現在所做的一切又是來世幸福和痛苦的根源。用一個簡單的概念來講，因...more,https://www.books.com.tw/products/0010921981?loc=P_0005_066,"['304不鏽鋼拖把架 壁掛拖把夾 免打孔掃把架 (3入組)', '【微熱山丘】 蜂蜜脆蛋糕 ─ 單包', '象數易─六爻透視：財股兩望', '六爻心法點竅', '【MOTEX 摩戴舒】平面醫用口罩 慵懶花貓 (5片/包 ，10包/盒) 黑白貓', '小浣熊天婦羅海苔─原味x2包入', '善存 醫用口罩(未滅菌)(雙鋼印)─優美特成人平面 狗來福(25入/盒)']"
宗教命理,暴風雨中的家庭：十架如何醫治家庭,https://www.books.com.tw/img/001/092/38/0010923862.jpg,羅素．摩爾,校園書房,2022/05/05,優惠價：9折 405元,"★ECPA信仰與文化類金書獎 
★《今日基督教雜誌》年度好書
在這個越來越多人懷疑家庭價值的年代
有什麼能拯救家庭的風暴
讓我們可以成為真正的家人
 
從十架稜鏡中，看見關於家庭的真相...more",https://www.books.com.tw/products/0010923862?loc=P_0005_067,['NaN']
宗教命理,廣海明月：道次第廣論講記淺析（第一卷 增訂版）,https://www.books.com.tw/img/001/092/40/0010924040.jpg,"宗喀巴大師,日常老和尚,真如",福智文化,2022/05/24,優惠價：9折 315元,"廣論義理，有師引導，如一輪明月高舉於內心
修行之路，起於聞思，快樂人生清晰明見於前
＊全新增訂版，新增章節與標題，提示單講內涵及各講次間緊密相依的脈絡；全書內文增大，利於反覆研讀，將法義...more",https://www.books.com.tw/products/0010924040?loc=P_0005_068,"['達賴喇嘛講三主要道―—宗喀巴大師的精華教授', '築一條與你同行的長路']"
宗教命理,宗教是怎麼改變世界的？：從五大宗教發展看懂全球局勢變化與重大國際議題,https://www.books.com.tw/img/001/092/23/0010922303.jpg,島田裕巳,台灣東販,2022/04/27,優惠價：9折 342元,"★俄羅斯併吞克里米亞也導致東正教會內部出現裂痕？
★持續滲透人們生活的SNS成了宗教的救世主？
★為什麼猶太人中接連出現天才與大富翁？
★新冠肺炎疫情會加速「宗教消失滅亡」？
─...more",https://www.books.com.tw/products/0010922303?loc=P_0005_069,['明公啟示錄：隱修門談驅魔與靈界真相']
宗教命理,神秘消失的夢幻帝國：亞特蘭提斯,https://www.books.com.tw/img/001/092/23/0010922367.jpg,徐向東,普天出版社,2022/04/26,優惠價：9折 269元,"．不斷散發神奇能量的謎樣帝國
傳說中，一夜之間從地圖上神秘消失的夢幻文明亞特蘭提斯究竟存不存在？
傳說遠在一萬多年前，亞特蘭提斯帝國就已經發展出輝煌文明，有著先進的雷射技術，也製...more",https://www.books.com.tw/products/0010922367?loc=P_0005_070,"['外星人選中的科學家2：外星女跨界神奇指導', '我在人間的靈修迷藏：70年靈修大調查，看穿靈修人的過去、現在與未來', '外星人選中的科學家1：外星秘密工作計畫', '死後的世界', '生死之間：死後的世界']"
宗教命理,妙筆耕心：楷書心經,https://www.books.com.tw/img/001/092/25/0010922504.jpg,崔中慧,財團法人法鼓山文教基金會-法鼓文化,2022/05/16,優惠價：79折 300元,"◆楷書心經，練字中耕耘心田◆
 
‧最受歡迎、跨越宗教的《心經》魅力。
‧全方位解析《心經》內容及鈔經心法，平安又靜心。
‧楷書是習字的基礎，新手也可輕鬆入門，寫出安定、寫出禪味。...more",https://www.books.com.tw/products/0010922504?loc=P_0005_071,['雨傘(三版)']
宗教命理,靈動數字 : 強化運勢的祕法,https://www.books.com.tw/img/001/092/27/0010922742.jpg,妙清居士,靛藍出版有限公司,2022/04/25,優惠價：9折 270元,"五分鐘讓大家知道如何查出你的吉凶【運勢（運途）】的元素；
最簡單實用的易經數字寶典，隨時隨地讓你查詢【運勢（運途）】；
 
{什麼是靈動數字？}
在我們日常生活中，包含身分證、車牌號碼...more",https://www.books.com.tw/products/0010922742?loc=P_0005_072,"['祕典卡巴萊恩：失落的赫米斯7大宇宙法則', '易經數字開運寶鑑']"
宗教命理,楞嚴經全譯易讀(三版),https://www.books.com.tw/img/001/092/30/0010923053.jpg,大千,more,2022/04/21,優惠價：9折 449元,"開悟的楞嚴，破妄顯真
流傳千餘年佛門教科書，中國各宗派共奉的經典
高僧讚譽為佛門的照妖鏡、斬魔劍！群魔最怕世人擁有的法寶！
 
這是浩瀚的佛經中，唯一一部涵蓋佛學思想及修行方法、次第的經...more",https://www.books.com.tw/products/0010923053?loc=P_0005_073,"['地藏經(28開經摺)', '楞嚴大義今釋', '大佛頂首楞嚴經(翻口刷金50開精裝)', '楞嚴大義今釋', '楞伽經今文譯註']"
宗教命理,怎樣做個佛光人（二版）,https://www.books.com.tw/img/001/092/59/0010925963.jpg,星雲大師,佛光,2022/05/27,優惠價：95折 95元,《怎樣做個佛光人》十八講，讓僧信大眾對於佛光山的宗旨、目標、道風、守則，有一個深切的認識。說的是佛光人所應樹立的風格及原則，但不一定只限於佛光人必須這麼做，凡所有佛教徒，不分宗派，不論老...more,https://www.books.com.tw/products/0010925963?loc=P_0005_074,"['佛學掃盲真言', '圖解冥想(新版)', '佛菩薩50問', '大蒙山施食儀規', '釋迦牟尼的藥箱：佛教界的異才首次出書!以幽默的口吻從藥物、公共衛生、生活模式等領域來剖析釋迦牟尼的健康術']"
宗教命理,我們一起讀阿含：中阿含部(上),https://www.books.com.tw/img/001/092/60/0010926008.jpg,周勳男,老古,2022/06/03,優惠價：79折 379元,"★以裁接化約方式深入《阿含經》文本！
★以平實文字偕讀者深解、消化原始佛義。
★跨越佛法大小乘義理分野，並肩同行。
 
讀《阿含經》，是踩著肉身佛陀的足跡，猶如隨侍在側的阿難...more",https://www.books.com.tw/products/0010926008?loc=P_0005_075,"['亙古一念 華嚴心鑰', '《大乘起信論直解》校註', '中觀：解讀龍樹菩薩《中論》27道題', '無上菩提前行道：《大乘莊嚴經論》解說(中)', '瑜伽師地論：聲聞地講錄(上下冊)']"
宗教命理,觀音妙智：觀音菩薩耳根圓通法門講要（大字版）,https://www.books.com.tw/img/001/092/17/0010921757.jpg,聖嚴法師,財團法人法鼓山文教基金會-法鼓文化,2022/04/20,優惠價：9折 315元,"耳根是六根之中最敏銳的感官，觀音菩薩又與娑婆世界的眾生最有緣，所以此「耳根圓通法門」最為殊勝方便、最容易成就、也最適合大眾修習。
聖嚴法師逐句解說經文，包括觀世音菩薩的證道因緣、功德...more",https://www.books.com.tw/products/0010921757?loc=P_0005_076,"['304不鏽鋼拖把架 壁掛拖把夾 免打孔掃把架 (3入組)', '印尼、馬來西亞、新加坡、菲律賓四國佛教史', '【微熱山丘】 蜂蜜脆蛋糕 ─ 單包', '神來一筆：扶鸞的回顧及展望', '如何解讀阿卡西紀錄：進入靈魂旅程的檔案資料庫', '基督徒參禪：在默觀中空虛自己', '達摩祖師：漢傳禪宗初祖', '世界宗教：從教義、教典乃至歷史，一本了解重要宗教的精髓!', '基督徒的默觀之路(經典修訂版)', '楞伽經今文譯註', '【MOTEX 摩戴舒】平面醫用口罩 慵懶花貓 (5片/包 ，10包/盒) 黑白貓', '小浣熊天婦羅海苔─原味x2包入', '善存 醫用口罩(未滅菌)(雙鋼印)─優美特成人平面 狗來福(25入/盒)']"
宗教命理,超神秘的百慕達三角,https://www.books.com.tw/img/001/092/23/0010922365.jpg,徐向東,普天出版社,2022/04/26,優惠價：9折 269元,"‧讓人恐怖顫慄的魔鬼海域
神秘恐怖的百慕達三角是世界科學的四大奇謎之一，這片散發著魔力的三角形海域，是飛機的墳場、輪船的墓地，也是死亡的魔窟，從哥倫布時代至今，已經有數不清的飛機、輪...more",https://www.books.com.tw/products/0010922365?loc=P_0005_077,['善存 醫用口罩(未滅菌)(雙鋼印)─成人平面 微風藍(50入/盒)']
宗教命理,八字集議套書(贈八字指南),https://www.books.com.tw/img/001/092/37/0010923718.jpg,呂家恂,旗林文化,2022/05/06,優惠價：9折 5753元,"買八字集議甲上~癸下，計20本，贈『八字指南』
 
呂家恂老師集結古今之八字命格詳論分析，第一部有系統之斷命論理大書。
 
呂老師精研子平命理三十餘年，且博覽群書，此書引經據典，以印證命...more",https://www.books.com.tw/products/0010923718?loc=P_0005_078,['NaN']
宗教命理,"YES,I can豐盛顯化：我的美好生活提案（獨家限量精裝版，附復古色筆、筆記本束繩）",https://www.books.com.tw/img/001/092/40/0010924004.jpg,顯化事務所,靛藍出版有限公司,2022/05/10,優惠價：9折 448元,"你想心想事成嗎？
你期待過自己想要的人生嗎？
你想找回人生的所有主控權嗎？
♥
YoucanbeaManifester
只要你願意相信，你可以完成任何你想要的事情，
顯化出任何你期待擁有的未來實相！
當你寫下...more",https://www.books.com.tw/products/0010924004?loc=P_0005_079,"['水晶陣療癒全書：使用陣式，擴大礦石的顯化力量(隨附：43種常用礦石介紹)', '脈輪療癒全書：啟動人體能量中心，轉化身心疾病之源', '脈輪療癒指南：進入身體能量中心，開啟9大脈輪之力', '全方位身心覺察自我療癒轉化生命全書(兩款封面，隨機出貨)', '奇蹟課程(新譯本)(三冊盒裝不分售)']"
宗教命理,"YES,I can豐盛顯化：我的美好生活提案（心想事成神燈版，附馬卡龍色筆）",https://www.books.com.tw/img/001/092/40/0010924007.jpg,顯化事務所,靛藍出版有限公司,2022/05/10,優惠價：9折 358元,"你想心想事成嗎？
你期待過自己想要的人生嗎？
你想找回人生的所有主控權嗎？
♥
YoucanbeaManifester
只要你願意相信，你可以完成任何你想要的事情，
顯化出任何你期待擁有的未來實相！
...more",https://www.books.com.tw/products/0010924007?loc=P_0005_080,"['別人怎麼對你，都因為你說的話', '當和尚遇到鑽石套書(5冊)', '希塔療癒套書(3冊)']"
宗教命理,小法故事多：一個魔法師的個人回憶錄,https://www.books.com.tw/img/001/092/63/0010926346.jpg,隆．麥羅．杜奎特,楓樹林出版社,2022/06/10,優惠價：79折 332元,"～這是盛名遠播的魔法師所寫下來的個人回憶錄～
一切都在你的頭裡面……
你只是對自己的頭有多大沒有概念
 
如果你想要理解魔法，得先懂得看懂故事。
故事是活的，它們創造出眾多宇宙，能栩栩...more",https://www.books.com.tw/products/0010926346?loc=P_0005_081,['一個台灣巫師的影子書']
宗教命理,聖經：當代譯本(地圖金翻口彩繪仿皮索引精裝),https://www.books.com.tw/img/001/092/66/0010926615.jpg,聖經資源中心,聖經資源中心,2022/06/06,優惠價：95折 713元,"★聖經當代譯本，一本適合華人初信者及青少年的聖經譯本，隆重出版！
★特殊翻口彩色印刷：讀經靈修賞心悅目，溫馨邊緣圓角設計。
★翻譯準確通俗易懂：精準翻譯上帝話語符合當世代通俗語言。...more",https://www.books.com.tw/products/0010926615?loc=P_0005_082,"['聖經：和合本(復古索引紅字金邊精裝)', '聖經：和合本(紅色皮面拉鍊索引銀邊精裝)', '聖經：和合本(藍皮邊釦拉鏈NIV中英對照索引精裝)', '聖經：和合本(愛黑NIV中英對照索引精裝)', '聖經：和合本(藍色麂皮拉鍊索引銀邊)']"
宗教命理,迎戰黑暗國度：穿戴真理軍裝，向邪惡勢力發出反擊,https://www.books.com.tw/img/001/092/16/0010921696.jpg,葉光明,財團法人基督教以琳書房,2022/04/15,優惠價：9折 144元,作者以引人入勝的方式探索聖經，帶領我們一窺亞當受造之前所發生的事件，同時也生動描繪了耶穌勝過撒但那無與倫比的勝利。但事情尚未結束，現今正是神的子民加入這場爭戰的最好時刻！拿起你的屬靈兵器...more,https://www.books.com.tw/products/0010921696?loc=P_0005_083,"['Ora2 me 淨白無瑕牙膏─白茶花香 125g', '君尊的敬拜']"
宗教命理,教理原來如此：天主慈悲的7個祕密,https://www.books.com.tw/img/001/092/17/0010921701.jpg,溫尼．弗林,上智,2022/04/15,優惠價：9折 270元,"我希望你信賴我的慈悲，
敞開心懷暢飲更新生命的活泉，
相信我的慈悲可以改變整個世界！
將基督的訊息帶給世人的時候到了。
是時候藉救主慈悲的訊息，
讓世人的心充滿希望，
也為愛的新文明點燃火花。
世...more",https://www.books.com.tw/products/0010921701?loc=P_0005_084,"['YOUCAT for Kids：天主教親子教理', '教理原來如此：和好聖事的7個祕密', '教理原來如此：聖體聖事的7個祕密', '你很重要!：72篇聖經故事，陪伴孩子親近耶穌(圓角精裝.祝福禮物書)', '與伯多祿一起祈禱：凡人成聖之旅']"
宗教命理,印尼、馬來西亞、新加坡、菲律賓四國佛教史,https://www.books.com.tw/img/001/092/17/0010921755.jpg,淨海法師,財團法人法鼓山文教基金會-法鼓文化,2022/04/20,優惠價：9折 486元,"◆一睹東南亞佛教的風采！
不只是旅遊勝地，
東南亞海島國：印尼、馬來西亞、新加坡、菲律賓，
歷經歐美殖民和華人移民的融合，
擁有豐富多元的信仰和文化寶藏。
印尼、馬來西亞...more",https://www.books.com.tw/products/0010921755?loc=P_0005_085,"['觀音妙智：觀音菩薩耳根圓通法門講要(大字版)', '世界宗教：從教義、教典乃至歷史，一本了解重要宗教的精髓!', '《王德傳》2021臨滄春蕊原葉研磨濾掛茶 8入', '《王德傳》金萱烏龍原葉研磨濾掛茶 8入', '《聖祖貢糖》招牌豬腳貢糖(12入/包)', '楞伽經今文譯註', '神來一筆：扶鸞的回顧及展望', '如何解讀阿卡西紀錄：進入靈魂旅程的檔案資料庫', '基督徒參禪：在默觀中空虛自己', '達摩祖師：漢傳禪宗初祖', '基督徒的默觀之路(經典修訂版)', '【新竹福源】花生芝麻蛋捲', '我想跟你好好說話：賴佩霞的六堂「非暴力溝通」入門課']"
宗教命理,開運名片學教科書,https://www.books.com.tw/img/001/092/19/0010921984.jpg,何榮柱,宏道文化,2022/04/20,優惠價：79折 356元,"如何擁有一張出色又開運的名片？
 
名片學是以陰陽宅學作為基礎，公司名、人名的配置為首要重點，再以顏色、五行空亡之喜用等依據，而發展出的一門現代玄學。
 
命理大師何榮柱以數十年精...more",https://www.books.com.tw/products/0010921984?loc=P_0005_086,"['366生日・生命靈數全書：從生日數字的意義，了解你的天賦與使命，掌握一生運勢的祕密', '學奇門遁甲，這本最好用(附光碟)', '奇門遁甲【工具篇】：局盤集與萬用曆', '奇門遁甲應用訣', '鑽石生命靈數：希臘數學家留下的絕世密笈']"
宗教命理,成唯識論研習,https://www.books.com.tw/img/001/092/26/0010922659.jpg,普行法師,華夏出版有限公司,2022/05/10,優惠價：79折 853元,《成唯識論》，中國唯識宗立宗的主要理論依據，以大乘佛教唯識宗創始人之一世親的《唯識三十頌》為主線，由唐代著名高僧玄奘三藏法師以護法學說為主，揉合印度十大論師的詮釋編譯而成，最能體現法相唯...more,https://www.books.com.tw/products/0010922659?loc=P_0005_087,"['當光亮照破黑暗：達賴喇嘛講《入菩薩行論》<智慧品>', '圖解西藏生死書', '從懷疑中覺醒：從《中觀根本論》談起', '菩提道次第廣論.奢摩他 校訂本', '平心靜氣：達賴喇嘛講《入菩薩行論》〈安忍品〉']"
宗教命理,脈輪智慧指引卡：轉變生命的全能靈性工具箱（49張牌卡＋中文解說手冊）(三版),https://www.books.com.tw/img/001/092/27/0010922734.jpg,托莉．哈特曼,生命潛能,2022/05/05,優惠價：9折 1242元,"天使捎來生動有趣的寓言故事
為你傳達七色脈輪的神性智慧
 
這套獨特的靈性占卜工具，共有七種顏色來對應我們的七大脈輪，每張牌卡均由不同的天使以獨有的表達方式，道出極富深度又耐人尋味的寓言...more",https://www.books.com.tw/products/0010922734?loc=P_0005_088,['身心調癒地圖：探索藏在身體疾病的心靈情緒地圖(二版)']
宗教命理,吳姐姐講聖經故事(6)聖經中的愛情,https://www.books.com.tw/img/001/092/27/0010922748.jpg,吳涵碧,皇冠,2022/05/03,優惠價：79折 221元,"這是一場義無反顧的愛情長跑，
而信仰，就是旅途的終點。
 
邂逅《聖經》的愛情，然後愛上《聖經》，吳姐姐講聖經故事最絕美動人的一部！
 
這個世界上沒有人比祂更深情。
面對...more",https://www.books.com.tw/products/0010922748?loc=P_0005_089,['NaN']
宗教命理,富足 你也可以,https://www.books.com.tw/img/001/092/28/0010922867.jpg,太陽盛德,天圓文化,2022/05/05,優惠價：9折 405元,"本書特色
 
◎《富足你也可以》是一本尋找富足祕訣的工具書。
◎富足無遠求，在你翻閱本書的那一刻，已經為自己埋下富足的種子！
◎太陽盛德導師為你娓娓道來，如何迎來福慧雙收的富足人生...more",https://www.books.com.tw/products/0010922867?loc=P_0005_090,['從負債2000萬到奇蹟罩我每一天：8個吸引好運、財富和人緣的超狂變身機制，順應宇宙法則，更快心想事成!']
宗教命理,你的紫微破洞如何補,https://www.books.com.tw/img/001/092/30/0010923046.jpg,法雲居士,金星,2022/04/21,優惠價：9折 342元,這本《你的『紫微破洞』如何補？》，這是法雲居士40年來教學及算命所遇到學生及讀者所提問之問題，所集結解答的命理書。此書會為你分析很多你在學習上、或新聞出現的怪異行為，從人的性格所對照出紫微...more,https://www.books.com.tw/products/0010923046?loc=P_0005_091,"['飛星紫微斗數之感情桃花寶典', '飛星紫微斗數：獨門心法', '紫微斗數斷吉凶', '大師教你學紫微斗數(一版三刷)', '圖解紫微斗數入門築基篇']"
宗教命理,十二星座、血型、生肖神祕密碼,https://www.books.com.tw/img/001/092/35/0010923550.jpg,大拓文化,more,2022/05/04,優惠價：9折 288元,"點亮星燈，尋找你的代表「座」！
血液，輸送的不是營養，而是性格！
尋找隱匿於骨子裡的獸性，破解十二生肖密碼！
 
學會用血型、生肖、星座暗含的智慧去瞭解自己的性格特點，
...more",https://www.books.com.tw/products/0010923550?loc=P_0005_092,"['恆星占星全書：探尋人生的主題與靈魂的目的', '12星座人性攻略(增訂版)', '天使占星學：連結十二星座大天使，顯化幸福生命藍圖', '四女神星：神話、心理與占星學中陰性能量的重現——穀神星、灶神星、婚神星與智神星', '行運占星全書：我的人生運勢週期表']"
宗教命理,大地與神共舞 (神叢151)：神學與生態學對談,https://www.books.com.tw/img/001/092/39/0010923901.jpg,德莫特．連恩,光啟文化,2022/05/01,優惠價：9折 252元,"面對今天遍布全球的生態禍患及其相關課題，各界的討論如火如荼；本書值此問世，能帶來什麼「新」的洞見呢？
本書採取新的途徑，首先源自教宗方濟各的「新」行動策略—《願祢受讚頌》，它是生態生...more",https://www.books.com.tw/products/0010923901?loc=P_0005_093,"['生態皈依：《願祢受讚頌》通諭的省思與實踐', '利捷維 有酵維生素D3錠60錠']"
宗教命理,挑戰真愛(精裝)：挑戰夫妻活出真愛的40天歷程,https://www.books.com.tw/img/001/092/54/0010925464.jpg,"史蒂文．肯瑞克,亞理斯．肯瑞克,勞倫斯．金普羅",保羅文化,2022/05/27,優惠價：9折 315元,"★原文書暢銷逾500萬冊！
★本書源於電影《搶救愛情40天》（Fireproof）。
在浪漫的婚禮上，無條件的愛總是被熱切地承諾，但它卻鮮少在現實生活中被實踐出來。在婚姻生活中，繁瑣的事務取代...more",https://www.books.com.tw/products/0010925464?loc=P_0005_094,"['改變生命的10種祈禱', '有趣的聖經故事', '勇於挑戰：用熱情擁抱人生!', '曠野逆境，恩典相隨：從執行長到在美滯留服刑2343天的告白', '禱告時光：精選1. 耶穌愛你.我也愛你']"
宗教命理,無上菩提前行道：《大乘莊嚴經論》解說(中),https://www.books.com.tw/img/001/092/54/0010925468.jpg,金剛上師卓格多傑,華夏出版有限公司,2022/06/10,優惠價：79折 356元,《大乘莊嚴經論》，是古印度瑜伽行唯識學派的僧人無著所撰（或說彌勒造頌，無著傳出，世親造釋），唐朝波羅頗迦羅蜜多羅漢譯。是唯識宗的「六經十一論」之一。現代另有經索達吉堪布比較藏文版本潤飾文...more,https://www.books.com.tw/products/0010925468?loc=P_0005_095,"['平安鈔經組合《心經》4本組合', '楞嚴經全譯易讀(三版)', '菩薩行的祕密：《入菩薩行論》講解(上下冊)', '查三世因果自助不求人：地藏王菩薩占察經 修持運用實例解說書(增訂版)', '《大乘起信論直解》校註']"
宗教命理,上帝的故事花園(中英對照)(精裝)：最受歡迎的兒童聖經故事,https://www.books.com.tw/img/001/092/59/0010925983.jpg,麥可．培高福,宗教教育,2022/05/03,優惠價：9折 378元,"★36個新舊約故事，一本繪本助孩子綜覽整本《聖經》！
★本書內容中英對照，親子共讀增進全方位閱讀素養。
★營造睡前親子說故事溫馨柔和的氣氛，陪伴孩子進入甜美的夢鄉。
 
世界是...more",https://www.books.com.tw/products/0010925983?loc=P_0005_096,"['小可愛聖經：幼兒的第一本聖經故事', '聖經：新和合研讀譯本(精裝)', '聖經的故事【新裝珍藏版】', '詩篇(精裝)', '聖經：和合本(愛白NIV中英對照索引精裝)']"
宗教命理,信心美果,https://www.books.com.tw/img/001/092/66/0010926618.jpg,劉秀慧,士林錫安堂,2022/06/10,優惠價：79折 95元,"信心是知覺屬天世界和屬天祝福的器官。當天災人禍與病毒肆虐全球時，神的兒女必須憑著對神的信心來應戰。
 
耶穌賜給神的兒女有得勝的權柄，可以踐踏蛇和蠍子，勝過仇敵一切的能力；斷沒有什麼...more",https://www.books.com.tw/products/0010926618?loc=P_0005_097,"['21世紀的教會論：如何形塑信仰群體', '成長神學', '信仰與理性', '觸摸看不見的上帝：從心理學探索基督信仰', '解放神學']"
宗教命理,佛性與般若（上下）,https://www.books.com.tw/img/001/051/70/0010517063.jpg,牟宗三,台灣學生書局,2022/05/01,優惠價：9折 1080元,"本書於天臺圓教篇幅最多，以其難以了悟，講之者少故。又以為此是真正圓教之所在，故以之為殿後。
 
本書以般若與佛性兩觀念為綱領。後來各種義理系統之發展皆從此綱領出。吾人通過此綱領說...more",https://www.books.com.tw/products/0010517063?loc=P_0005_098,"['才性與玄理', '圓善論', '從陸象山到劉蕺山', '康德的道德哲學', '中國哲學的特質', '中國哲學十九講', '中西哲學之會通十四講', '周易的自然哲學與道德函義', '政道與治道', '歷史哲學', '名家與荀子(六刷)', '五十自述【新版】', '論天人之際：中國古代思想起源試探', '生命的學問(五版)', '道德的理想主義(修訂版)', '根本佛教解脫道論：木村泰賢新大乘運動思想觀', '心物與人生', '空宗與有宗：佛教判教的對話詮釋初續', '【Tefal 特福】德國EMSA原裝 無縫膠圈防漏PP保鮮盒─350ML圓型(超強30年保固)', '道德系譜學']"
宗教命理,陪你同行･與你同工：華人宣教士關顧指南,https://www.books.com.tw/img/001/092/16/0010921693.jpg,"王鈴惠,張江光麗,張憶家",宇宙光,2022/04/15,優惠價：9折 342元,宣教士也是有血有肉的人。在回應呼召的路上，宣教士和你我一樣，同樣會遭遇沮喪、哀傷、甚至心靈創傷。身體遇到病痛，我們都知道要找醫生、拿藥吃，那麼心靈的痛苦呢？當宣教士遭遇這些挑戰，教會、機...more,https://www.books.com.tw/products/0010921693?loc=P_0005_099,"['妳的價值不在別人的眼光裡', '48天找到你愛的工作', '幸福達人全攻略：福長手冊', '與神對話的一年：寫給女人的52則聖經啟示', '與神同行的8個微習慣：從混亂焦慮到身心安頓，徹底美好生活的祕密']"
宗教命理,釋經？還是私意解經！：談正意研經法,https://www.books.com.tw/img/001/092/26/0010922654.jpg,杏仁子,迦密文化,2022/04/20,優惠價：9折 360元,"★杏仁子的全新力作！為你建立正確的解經視窗，重新探討「寓意化解經」的無限上綱。
本書以三個真理介面建構正確的解經視窗：
◆一、舊約神所頒布的十誡
◆二、新約主耶穌教導的主禱文
...more",https://www.books.com.tw/products/0010922654?loc=P_0005_100,['NaN']
宗教命理,蓮池大師開示語錄,https://www.books.com.tw/img/001/092/26/0010922661.jpg,僧懺法師,華夏出版有限公司,2022/05/10,優惠價：79折 237元,蓮池大師的佛學思想，主要在於融合各宗同歸淨土。在他的《普勸念佛往生淨土》一文中說的：「若人持律，律是佛制，正好念佛；若人看經，經是佛說，正好念佛；若人參禪，禪是佛心，正好念佛；若人悟道，...more,https://www.books.com.tw/products/0010922661?loc=P_0005_001,['那洛巴教你：邊工作，邊開悟']
宗教命理,以豐盛為名：30個啟動豐盛生命的恩典盼望,https://www.books.com.tw/img/001/092/26/0010922662.jpg,顧約翰,宇宙光,2022/04/29,優惠價：9折 315元,"一部豐富心靈的醇品，讓生命展翅高飛！
當耶穌打開我們的眼睛，我們就可以被轉化，並了解祂給我們的莫大禮物：我們擁有一個在豐盛世界裡的豐盛生命。
本書透過神的話語與聖靈的帶領，幫助我...more",https://www.books.com.tw/products/0010922662?loc=P_0005_002,"['【BODYAIR嚴選】寬鬆內網布防走光短褲(瑜珈.慢跑.運動) L 黑', '竭力愛神']"
宗教命理,我靈深處(2版)(精裝),https://www.books.com.tw/img/001/092/26/0010922663.jpg,法蘭西絲．羅博茲,道聲,2022/04/22,優惠價：9折 270元,"★本書榮獲美國亞馬遜書店讀者五顆星最高評價！已獲一百多萬人珍藏！
 
優美詩意的文字，像一股安靜的水流，溫柔甜蜜地照拂人心；我靈深處，將得餵養。
洞見深刻的信息，像一把銳利的刀，...more",https://www.books.com.tw/products/0010922663?loc=P_0005_003,['禱告時光：精選1. 耶穌愛你.我也愛你']
宗教命理,中國佛教史,https://www.books.com.tw/img/001/092/29/0010922956.jpg,蔣維喬,五南,2022/04/28,優惠價：95折 494元,"本書為以近代治史方法撰寫的中國佛教簡史。
《中國佛教史》初版於1928年，以日本學者境野哲《支那佛教史綱》為依據，系統地講述自東漢明帝起，迄晚清止，佛教傳入中國後的發展演化過程，對歷代佛...more",https://www.books.com.tw/products/0010922956?loc=P_0005_004,"['《王德傳》2021臨滄春蕊原葉研磨濾掛茶 8入', '《王德傳》金萱烏龍原葉研磨濾掛茶 8入', '【新竹福源】花生芝麻蛋捲']"
宗教命理,快速學會梅花易數：梅花易數新觀,https://www.books.com.tw/img/001/092/36/0010923665.jpg,廖嘉賓,知青頻道,2022/04/29,優惠價：9折 270元,"誰能誰不能能者在五行五行推不轉能者也不能五行推的轉不能者也行
學梅花易數的精神就是 知命、識命然後要能運命，但不是認命。
目前學習梅花易數，都是秘傳，除非拜師，否則無法再探詢...more",https://www.books.com.tw/products/0010923665?loc=P_0005_005,"['皇極經世.太乙神數圖解', '梅花易彙通', '測字學', '白話易經', '三命通會 (新版)']"
宗教命理,聖嚴法師心靈環保學意義與開展,https://www.books.com.tw/img/001/092/39/0010923911.jpg,辜琮瑜,財團法人法鼓山文教基金會-法鼓文化,2022/05/18,優惠價：9折 252元,"全面探研聖嚴法師心靈環保學，
以期圓滿「實踐大悲心起」的學習系統，
使人人都能深探其理，
並於日用中學習心靈環保。
 
聖嚴法師畢生致力於將佛法轉化為當代社會可運用的反思...more",https://www.books.com.tw/products/0010923911?loc=P_0005_006,"['大菩提心：發大菩提心，利人即利己；學菩薩萬行，福慧滿人間。', '一行禪師 活在正念的愛裡：從慈悲喜捨的練習中，學會愛自己也愛他人', '練心工夫：精進禪修指引', '度：聖嚴師父指引的33條人生大道', '遠離煩惱心：弘一大師說佛']"
宗教命理,指向終末的創世記,https://www.books.com.tw/img/001/092/39/0010923992.jpg,莊東傑,道聲出版社,2022/05/13,優惠價：9折 648元,"本書結合國度神學、人物預表、科學與信仰、福音神學、中華神學、終末神學等六方面的內涵，完整向讀者啟明神從創世以來的心意，盼望使人人都願意委身操練成為有福音生命的國度人才。
創世記...more",https://www.books.com.tw/products/0010923992?loc=P_0005_007,"['耶穌：我的自傳(軟精裝)', '看哪!末世：啟示錄研讀', '多元世界中的四種救贖觀', '山寨版的上帝', '耶穌：我的自傳(硬精裝)']"
宗教命理,"YES,I can豐盛顯化：我的美好生活提案（夢想無限鑰匙版，附馬卡龍色筆）",https://www.books.com.tw/img/001/092/40/0010924011.jpg,顯化事務所,靛藍出版有限公司,2022/05/10,優惠價：9折 358元,"你想心想事成嗎？
你期待過自己想要的人生嗎？
你想找回人生的所有主控權嗎？
♥
YoucanbeaManifester
只要你願意相信，你可以完成任何你想要的事情，
顯化出任何你期待擁有的未來實相！
當你寫下...more",https://www.books.com.tw/products/0010924011?loc=P_0005_008,"['財富豐盛吸引力：28個豐盛指引，開發內心能量，扭轉未來人生', '全方位身心覺察自我療癒轉化生命全書(兩款封面，隨機出貨)', '奇蹟課程(新譯本)(三冊盒裝不分售)', '光的課程靈修系列1：開啟內在生命之光的途徑(附光碟)', '生命之花的靈性法則2：啟動梅爾卡巴光體，擴展心靈能量']"
宗教命理,信仰的奧秘,https://www.books.com.tw/img/001/092/46/0010924605.jpg,謝順道,腓利門實業股份有限公司,2022/05/16,優惠價：9折 180元,「隱祕的事」是人無法理解的奧祕，乃神所掌理，我們要盡的本分，就是去遵行神已經明白指示的律法，不要不顧從已顯明的信息，卻只耗時費力想去瞭解那些「被隱藏」的事情。回顧摩西的經歷，原來他也曾對...more,https://www.books.com.tw/products/0010924605?loc=P_0005_009,"['信仰的理解──詮釋與批判', '信仰與理性', '信仰的未來：宗教的興衰與靈性時代的復甦', '安息日的真諦', '耶穌的道路']"
宗教命理,蕅益大師開示語錄,https://www.books.com.tw/img/001/092/46/0010924628.jpg,"蕅益大師,僧懺法師",華夏出版有限公司,2022/06/10,優惠價：79折 237元,靈峯智旭倡三學一源論，認為禪宗、教宗、律宗三學應該相互為用，不當分河飲水；又提出「儒釋同歸」，且註解四書、周易；但是他最終的歸趣則在淨土法門。智旭的佛學深受天臺宗學說影響，以一念統攝教禪...more,https://www.books.com.tw/products/0010924628?loc=P_0005_010,"['伏藏傳奇：蓮花生大士全傳(全套三冊+3D書盒+限量蓮師財神卡)', '我的老師林仁波切【達賴喇嘛親自為老師作傳】', '當光亮照破黑暗：達賴喇嘛講《入菩薩行論》<智慧品>', '先幸福，再開悟!：措尼仁波切指引「微細身」實修法', '無上菩提修行藍圖：《大乘莊嚴經論》解說(上)']"
宗教命理,牛伯伯陪你讀〈金鎖賦〉、〈銀匙歌〉,https://www.books.com.tw/img/001/092/46/0010924652.jpg,黃崇城,國家,2022/05/10,優惠價：9折 225元,〈金鎖賦〉和〈銀匙歌〉的作者相傳為麻衣道者，是他在華山石室裏傳授給陳希夷的秘法。麻衣道者以具體的形容說明相學中各種深具意義的記號，以及這些記號可能帶來的禍福吉凶，並將相人之學提升到心地法...more,https://www.books.com.tw/products/0010924652?loc=P_0005_011,['NaN']
宗教命理,二十一世紀審判的源起,https://www.books.com.tw/img/001/092/50/0010925032.jpg,若逢木子,白象文化,2022/06/01,優惠價：79折 198元,"人類何以為萬物之靈？是見證造物者的存在，還是魔鬼的伎倆？本書從歷史的理性，提供你一些思考。
◎造訪過世界三、四十個國家的老船長，以中華文化為經，西方思想為緯，再加上一生的閱歷，...more",https://www.books.com.tw/products/0010925032?loc=P_0005_012,['[MUJI無印良品]柔舒水洗棉枕套/50/米色']
宗教命理,21世紀的教會論：如何形塑信仰群體,https://www.books.com.tw/img/001/092/54/0010925459.jpg,"曾宗盛,孫寶玲,賴弘專,吳孟翰,徐萬麟,張志偉,陳寬義,陳尚仁,蔡慈倫,林汶娟",橄欖,2022/06/03,優惠價：79折 332元,本書的內容探討如何形塑信仰群體，建構當代台灣教會的圖像。收錄的十篇論文分別透過舊約聖經的啟發（拉9–10和賽61的上帝子民概念、十二先知書的餘民觀念）、新約聖經的詮釋（約14:12、林前9:19–23、...more,https://www.books.com.tw/products/0010925459?loc=P_0005_013,"['耶穌：我的自傳(軟精裝)', '21世紀門徒現場：實踐神學新探索', '山寨版的上帝', '世界在等待的門徒', '耶穌：我的自傳(硬精裝)']"
宗教命理,湖中船：航向風浪是為了經歷平安,https://www.books.com.tw/img/001/092/59/0010925992.jpg,"派屈克．施文克,露絲．施文克",道聲,2022/06/10,優惠價：79折 205元,"★美國亞馬遜５顆星滿分好評！
 
人生像行船，常常走著走著突然發現自己正在湖中央載浮載沉。也許是因為失業、摯親逝世，或被殘疾、離婚或經濟不穩定綁架，一回過神發現自己山窮水盡，無路可走...more",https://www.books.com.tw/products/0010925992?loc=P_0005_014,"['覺醒的靈魂1：魯益師談信仰', '放掉頭腦吧!你就是你的念頭—跳出惡念，奪回你每一個念頭!', 'Gift', '嘿!少在那邊假裝沒事好嗎?：給正在付出的你28封信【平裝雙面書衣版】', '與神同行的8個微習慣：從混亂焦慮到身心安頓，徹底美好生活的祕密']"
宗教命理,廣澤尊王文化的境內與跨境傳播,https://www.books.com.tw/img/001/092/62/0010926254.jpg,唐山出版社,more,2022/05/23,優惠價：9折 342元,《廣澤尊王文化的境內與境外傳播》這本書是配合「廣澤尊王信仰文化國際研討會」的舉行而出版的。這項以廣澤尊王信仰文化為主題的國際研討會是由新加坡南安會館、新加坡聖公文化傳承委員會和世界華人民...more,https://www.books.com.tw/products/0010926254?loc=P_0005_015,"['靈驗2.我在人間發現拜拜真正的力量：穿透人心與靈界的求神祕辛', '真儀遊虛 ：道教研究的新視域(儀式卷)', '女巫安娜的魔藥草配方書', '臺灣的媽祖信仰', '西佛國：府城五代粧佛世家傳奇']"
宗教命理,全方位星座、血型、生肖職場人際縱橫手冊,https://www.books.com.tw/img/001/092/64/0010926473.jpg,六分儀,讀品文化,2022/06/01,優惠價：79折 198元,"『星座』是決定你人生軌跡的神秘力量！
解密與十二星座的相處之道！找到屬於你的代表「座」與從業寶典。
『血型』是主宰人們思維的紅衣主教！
瞭解血型的職場奧祕，教你如何運用這些知識...more",https://www.books.com.tw/products/0010926473?loc=P_0005_016,"['月亮金星行運全書：家庭、情感與金錢的命運時刻表', '占星學全指引：了解你的星座與星盤，初學與進階必備案頭書', '四女神星：神話、心理與占星學中陰性能量的重現——穀神星、灶神星、婚神星與智神星', '恆星占星全書：探尋人生的主題與靈魂的目的', '人際關係占星學：從星盤看見愛情、性與人際間的契合度']"
宗教命理,超越的使命(簡)(精裝),https://www.books.com.tw/img/001/092/16/0010921698.jpg,龔文輝,使者,2022/04/15,優惠價：9折 315元,...more,https://www.books.com.tw/products/0010921698?loc=P_0005_017,"['到處都是小教會(精裝)：不受限於教堂建築，你也能使神的家遍滿全地', '耶穌：我的自傳(軟精裝)', '希伯來書注釋(精裝)', '思想錄(上)', '耶穌：我的自傳(硬精裝)']"
宗教命理,相理衡真完整本,https://www.books.com.tw/img/001/092/19/0010921983.jpg,陳希夷,進源書局,2022/04/18,優惠價：9折 450元,"天台秘旨，降及下民，黃金易得，寶籙難聞，貪財妄授，褻瀆斯文，凶臨福退，災逮其身，吾師吩咐，莫傳匪人，同門敬授，勿當間云。
相人之書流傳日久，自元及明口訣己失，所傳者僅得糟粕，而刊本重...more",https://www.books.com.tw/products/0010921983?loc=P_0005_018,"['學姓名學，這本最好用(附光碟)', '神算一本通：手相面相綜合論命', '麻衣相法完整本', '麻衣相法─附.神相鐵關刀', '手相一本通《懂手相，先看這本書》']"
宗教命理,怡然富足最吉運,https://www.books.com.tw/img/001/092/28/0010922856.jpg,太陽盛德,天圓文化,2022/05/05,優惠價：9折 347元,"本書特色
 
◎《怡然富足最吉運》在太陽盛德導師的談笑風聲中，讓你豁然了悟紅塵，掌握能量脈動，分秒營造圓滿值，實現昌盛夢想，在吉運加持下，享受怡然富足，輕鬆演繹出屬於你的精彩人生！
 
...more",https://www.books.com.tw/products/0010922856?loc=P_0005_019,"['靈魂永生', '馬雅260—來自星際馬雅的能量訊息，20個圖騰X13個調性，跟隨宇宙大自然的頻率，回歸自己的生命之流', '克里希那穆提： 最初與最後的自由', '個人實相的本質﹝世紀新修版﹞', '生命之書：365日的靜心冥想']"
宗教命理,內觀法要(三版),https://www.books.com.tw/img/001/092/30/0010923049.jpg,"阿薑達磨多羅,帕奧禪師,毗瑪拉蘭希法師",大千,2022/04/21,優惠價：9折 324元,"本書是包含《內觀禪修手冊》、《觀呼吸與觀世界》及《定慧禪修法》三部份。
 
內觀禪修手冊
 
一．坐時的內觀（坐禪）
 
．如果是集體禪坐時，不要坐得太靠近，一排排整齊地坐著...more",https://www.books.com.tw/products/0010923049?loc=P_0005_020,['內觀實踐【2020紀念版】']
宗教命理,我是「愛」我就是「紫微星」我奉天命帶領「神的孩子們」回家,https://www.books.com.tw/img/001/092/32/0010923214.jpg,黃,白象文化,2022/05/01,優惠價：9折 300元,"不論你（妳）是哪個宗教，「神」在等待我們回家。
◎本書是由作者接收了長輩的指導再加上天使的協助，才得以完成。
◎跟著這本「記錄本」走，就如羊群跟隨著「牧人」，終究會回到「家」。
◎以...more",https://www.books.com.tw/products/0010923214?loc=P_0005_021,['Frank Martin：Concertos for 7 Wind Instruments/Passacaglia/Violin Concert， etc.']
宗教命理,神、啟示、權威（五）精選本：神的屹立與常在-第一部分,https://www.books.com.tw/img/001/092/36/0010923656.jpg,卡爾.亨利,校園書房,2022/05/05,優惠價：9折 405元,"睽違多年，最後兩冊精選本終於問世，華人讀者期盼已久的壓軸之作！
『護教學的曠世巨作，幫助我們有能力面對二十一世紀的各種挑戰。
神作為啟示者，超越祂自己的啟示；屹立、降卑、常在的神，仍然向世人曉...more",https://www.books.com.tw/products/0010923656?loc=P_0005_022,['NaN']
宗教命理,大蒙山施食儀規,https://www.books.com.tw/img/001/092/46/0010924614.jpg,不動上師,華夏出版有限公司,2022/06/10,優惠價：79折 158元,蒙山施食，旨在利濟孤魂。蒙山，位於今四川名山縣。宋時有不動上師，人稱甘露大師，居於四川蒙山，曾為普濟幽靈，集瑜伽焰口及密宗諸部，輯成蒙山施食，成為佛門必備課誦儀軌。寺院道場每天晚課時，亦...more,https://www.books.com.tw/products/0010924614?loc=P_0005_023,"['圖解冥想(新版)', '佛教基本知識', '法會50問', '轉念助度法', '居士50問']"
宗教命理,禪宗無門關,https://www.books.com.tw/img/001/092/46/0010924621.jpg,無門慧開禪師,華夏出版有限公司,2022/06/10,優惠價：79折 237元,佛語心為宗。無門為法門。既是無門。且作麼生透。豈不見道。從門入者。不是家珍。從緣得者。始終成壞。恁麼說話。大似無風起浪好肉剜瘡。何況滯言句。覓解會。掉棒打月。隔靴爬癢。有甚交涉。慧開紹定...more,https://www.books.com.tw/products/0010924621?loc=P_0005_024,"['無門關譯解', '佛陀不廢話：極簡佛法入門問答', '一行禪師 你可以不生氣：佛陀的最佳情緒處方', '清淨道次第禪修地圖：讀懂阿毘達摩的理論與實踐', '哲學家的學佛筆記：關於「離苦得樂」的思索與修行']"
宗教命理,經歷奇妙恩典(精裝)：基督教神學入門(下),https://www.books.com.tw/img/001/092/46/0010924640.jpg,雷雪倫,使者,2022/05/23,優惠價：9折 342元,"你我不是孤單的天路客，而是父神所愛的兒女，
靠著聖靈在基督的身體中一起成長、一同事奉，
切切等候主基督的榮耀再來！
從末世論反溯人論、罪論、救恩論……，
以宏觀視域照見...more",https://www.books.com.tw/products/0010924640?loc=P_0005_025,"['舊約縱覽(精裝)：通往真理的金鑰', '基督信仰入門', '解放神學', '恩典現場：在破碎世界中尋索上帝', '耶穌基督的上帝']"
宗教命理,BOOK OF PROVERBS(New Living Translation),https://www.books.com.tw/img/001/092/54/0010925483.jpg,Alabaster,Alabaster,2022/05/25,優惠價：95折 884元,"★配合經文主題和信息創造圖像，獨特視覺美感讓您可以用嶄新的維度看待聖經。
★在高質量、無塗層紙張上做文本印刷，封面配合柔軟水性塗層紙，呈現聖經絕美的另一面！
★巧妙運用空間和...more",https://www.books.com.tw/products/0010925483?loc=P_0005_026,"['聖經：和合本(黑色皮面燙金壓紋金邊)', '聖經：當代譯本(橘色皮面燙金壓紋拇指索引拉鍊金邊)', '聖經：和合本(星空紅字翻口彩繪精裝)', '聖經：和合本(復古索引紅字金邊精裝)', '聖經：和合本(紅色麂皮拉鍊索引金邊)']"
宗教命理,The Buddhist Maritime Silk Road,https://www.books.com.tw/img/001/092/59/0010925967.jpg,Lewis R. Lancaster,佛光,2022/06/03,優惠價：95折 342元,"TheBuddhistMaritimeSilkRoadrecountsthemagnificenthistoryoftheworldofMaritimeBuddhismfromadiverserangeofaspects—thevariousBuddhisttraditions,pilgrimsandmonks,ca...more",https://www.books.com.tw/products/0010925967?loc=P_0005_027,"['現代佛法十人：楊仁山、太虛、歐陽竟無、虛雲、弘一、印光、圓瑛、呂澂、法尊、慈航 (全十冊)：(改變近代佛教發展的十位大師，若要了解他們的生平、他們帶來的影響、他們如何重振佛教，必不能錯過的經典文選)', '一所生命的學校：A School of Life', '生命探索繪圖ABC：生命能量 欣欣向榮(B冊)', '蓮師傳：蓮花生大士的生平故事', '手繪圖解.佛教史：不可不知的88則經典佛學知識 ╳ 100幅趣味插畫，秒懂深奧佛學，離苦得樂不遠矣!']"
宗教命理,領袖真性情：由心而發的八個領導智慧,https://www.books.com.tw/img/001/092/60/0010926011.jpg,彼得．史卡吉羅,宗教教育,2022/05/03,優惠價：9折 432元,"★美國權威書評（BookAuthority）列入為「史上百大基督教類好書」！
★美國亞馬遜５顆星滿分好評！
 
領袖識做事，更要識做「人」！
 
暢銷書作者彼得．史卡吉羅以精闢見解剖析一路...more",https://www.books.com.tw/products/0010926011?loc=P_0005_028,"['瓦器裡的寶貝：透過艾瑞克森心理社會發展理論、薩提爾家族治療，以及阿德勒個體心理學專業詮釋，引導內在的自我探索和自我照顧', '妳的價值不在別人的眼光裡', '危險的禱告', '與神對話的一年：寫給女人的52則聖經啟示', '讓教學成為一場靈性饗宴：靈性教育三部曲.序幕']"
宗教命理,從割裂到圓融的生命境界(中英對照),https://www.books.com.tw/img/001/092/60/0010926014.jpg,關俊棠,宗教教育,2022/06/10,優惠價：79折 324元,"你也許想知道……
為什麼世界總是割裂？
圓融的生活有什麼元素？
靈修傳統有什麼值得借鏡？
我可以為世界的圓融做什麼？
 
割裂的人生絕對不是健康的心靈狀態，撕裂的社會決...more",https://www.books.com.tw/products/0010926014?loc=P_0005_029,"['覺醒的靈魂1：魯益師談信仰', '一路愛到底', '與神同行的8個微習慣：從混亂焦慮到身心安頓，徹底美好生活的祕密', '在親密關係中活出最好的生命：給基督徒夫妻的「抱緊我」對話', '活出美好(精裝)：7個挖掘生命潛藏金礦、扭轉人生格局的關鍵之鑰!']"
宗教命理,平安最幸福,https://www.books.com.tw/img/001/092/63/0010926308.jpg,釋果暉,財團法人法鼓山文教基金會-法鼓文化,2022/06/09,優惠價：9折 252元,"驟變時代裡，最簡單的幸福之道及實用的修行要領。
打佛法預防針
我們學佛的目的，是為了自覺覺他。在今日瞬息萬變的時代，為了解社會的脈動，我們必須關注時事，但關注的同時，也需要運用佛...more",https://www.books.com.tw/products/0010926308?loc=P_0005_030,"['世界上最快樂的人', '橘子禪：呼吸，微笑，步步安樂行(三版)', '放下的幸福：聖嚴法師的47則情緒管理智慧(大字版)', '淡定的智慧：找回心平氣和、快樂自在的人生100幸福課', '突破「無知」的壁壘：科學與佛教的震撼對話!有助打破大腦的「自我」框架，消除煩惱最佳指南']"
宗教命理,戒律學綱要 （四版）,https://www.books.com.tw/img/001/092/63/0010926311.jpg,聖嚴法師,財團法人法鼓山文教基金會-法鼓文化,2022/06/09,優惠價：9折 315元,"★戒律是佛子生活中唯一的防腐劑
「我要試用淺顯的文字，將戒律的內容，配上若干時代的觀念，以比較通俗的姿態，來跟大家見面。我是試著做復活戒律的工作，而不是食古不化的說教。」
「我的...more",https://www.books.com.tw/products/0010926311?loc=P_0005_031,"['步步成佛：華嚴入門與十地修行', '佛學掃盲真言', '怎樣做個佛光人(二版)', '圖解冥想(新版)', '大蒙山施食儀規']"
宗教命理,幸福告別：聖嚴法師談生死關懷（大字版）,https://www.books.com.tw/img/001/092/63/0010926314.jpg,聖嚴法師,財團法人法鼓山文教基金會-法鼓文化,2022/06/09,優惠價：9折 198元,"生死雖為正常事，
但是不容易以平常心看待，
有佛法的陪伴，清楚的方向，
生死相逢時，你可以微笑著幸福告別！
我很小就有死亡經驗，一次是從樹上摔下，一次是跌落河裡，立刻就沒氣...more",https://www.books.com.tw/products/0010926314?loc=P_0005_032,"['當和尚遇到鑽石套書(5冊)', '和好：療癒你的內在小孩(三版)', '度：聖嚴師父指引的33條人生大道', '好心‧好世界：聖嚴法師談心靈環保(二版)', '放下的幸福：聖嚴法師的47則情緒管理智慧(大字版)']"
宗教命理,步步成佛：華嚴入門與十地修行,https://www.books.com.tw/img/001/092/63/0010926318.jpg,釋法源,財團法人法鼓山文教基金會-法鼓文化,2022/06/09,優惠價：9折 198元,"★華嚴經的十地修行秘密
從量子科學來看，無論是凡夫或聖賢，都是由同樣的量子所組成，只要我們能像聖賢一樣，斷除煩惱惑業，讓身心處於「量子穩態」，就可以成就佛道，達到清淨平等、涅槃解脫的...more",https://www.books.com.tw/products/0010926318?loc=P_0005_033,['NaN']
宗教命理,薩滿神聖藝術：祝福、療癒、能量──七十二幅滋養生命的靈性畫,https://www.books.com.tw/img/001/092/64/0010926430.jpg,費絲‧諾頓,橡樹林,2022/06/11,優惠價：79折 379元,"█各界好評‧衷心推薦█
「多年來，我一直欽佩費絲‧諾頓卓越的視覺藝術。這藝術打開大門，讓我們看到大多數人感覺雖然看不見卻近在身邊的世界。她豐富多采的圖文本《心靈花園》更進一步邀請我們大家越...more",https://www.books.com.tw/products/0010926430?loc=P_0005_034,"['父母並非不愛你，卻又讓你傷痕累累的「隱性虐待」：如何療癒童年傷痕，走出原生家庭所給的痛苦情緒', '羞辱創傷：最日常，卻最椎心的痛楚', '說不出口的，更需要被聽懂：11個暖心對話練習，走進孩子的心', '情緒取向治療全解析：EFT如何療癒個人、伴侶與家庭']"
宗教命理,聖五傷畢奧神父傳：當代最偉大的密契經驗者，被神蹟環繞的一生,https://www.books.com.tw/img/001/092/64/0010926434.jpg,伯納德．盧芬,啟示,2022/06/11,優惠價：79折 419元,"✟當代最傳奇宗教人物、義大利人氣最高的聖人
✟身負基督「聖傷」與各種異能，經過現代科學與醫學檢證
✟必讀完整版！第一手資料＋珍貴記錄照片＋過世後新事件
他以聖潔的人格、絕俗的智慧，以及科學...more",https://www.books.com.tw/products/0010926434?loc=P_0005_035,"['宗教經驗之種種', '東洋冥想的心理學：從易經到禪', '由救贖到靈性︰當代日本的大眾宗教運動', '日本神明、神社與神話：了解日本神明信仰，從這本書開始', '勇敢層級：用你喜歡的方式，活出你自己']"
宗教命理,一場海子詩歌與路加福音的對話：中國人的回家之路與耶穌基督的關係,https://www.books.com.tw/img/001/092/66/0010926613.jpg,楊曉莉,橄欖,2022/06/10,優惠價：79折 379元,"楊博士在本書展示了海子（1964-1989）詩歌所表達的中國尋魂與路加見證的耶穌基督福音之間進行的一場對話。
 
本書創造了獨特的處境化詩性視角，透過海子詩歌，賞析一代中國人的回家之旅，並探索...more",https://www.books.com.tw/products/0010926613?loc=P_0005_036,"['神學旅人：神學人的朝聖之旅', '在我裡面的：從約翰福音尋生命之道', '暴風雨中的家庭：十架如何醫治家庭', '觸摸看不見的上帝：從心理學探索基督信仰', '愛在流行：一個基督徒的談話省思']"
